,measure_size,phase,used_time,train_size,val_reg_r2,val_rank_r2,sampling_seed,rank_warmup_epochs,scratch,encoder_freeze
0,48,2,3.52,96,"[0.4565, 0.3573]",[],2000,0,False,False
1,48,2,3.47,96,"[0.3968, 0.5423]",[],2001,0,False,False
2,48,2,3.47,96,"[0.2873, 0.4862]",[],2002,0,False,False
3,48,1,3.03,48,[0.3715],[],2003,0,False,False
4,48,2,3.5,96,"[0.5154, 0.5084]",[],2004,0,False,False
5,48,5,5.76,240,"[0.5106, 0.4476, 0.5581, 0.5959, 0.6117]",[],2005,0,False,False
6,48,3,4.15,144,"[0.4751, 0.5172, 0.5764]",[],2006,0,False,False
7,48,6,6.89,288,"[0.348, 0.4511, 0.5639, 0.5975, 0.5997, 0.6362]",[],2007,0,False,False
8,48,4,4.86,192,"[0.4984, 0.6072, 0.5133, 0.6082]",[],2008,0,False,False
9,48,4,5.12,192,"[0.4235, 0.4629, 0.488, 0.466]",[],2009,0,False,False
10,48,8,9.31,384,"[0.5227, 0.268, 0.4153, 0.4832, 0.509, 0.4775, 0.5386, 0.6478]",[],2010,0,False,False
11,48,2,3.49,96,"[0.5156, 0.4783]",[],2011,0,False,False
12,48,2,3.43,96,"[0.4431, 0.3184]",[],2012,0,False,False
13,48,3,4.12,144,"[0.4154, 0.5907, 0.4746]",[],2013,0,False,False
14,48,3,4.18,144,"[0.4758, 0.4257, 0.4181]",[],2014,0,False,False
15,48,5,5.83,240,"[0.5615, 0.5253, 0.4998, 0.538, 0.6025]",[],2015,0,False,False
16,48,3,4.13,144,"[-1.0284, 0.444, 0.5725]",[],2016,0,False,False
17,48,3,4.11,144,"[0.3455, 0.5609, 0.5484]",[],2017,0,False,False
18,48,2,3.53,96,"[0.459, 0.4786]",[],2018,0,False,False
19,48,4,4.92,192,"[0.3878, 0.485, 0.5964, 0.5714]",[],2019,0,False,False
20,48,2,3.44,96,"[0.4882, 0.4417]",[],2000,0,False,False
21,48,1,2.95,48,[0.4307],[],2001,0,False,False
22,48,6,7.1,288,"[0.2634, 0.3554, 0.4879, 0.5216, 0.5675, 0.6212]",[],2002,0,False,False
23,48,1,3.0,48,[0.3494],[],2003,0,False,False
24,48,1,2.96,48,[0.5181],[],2004,0,False,False
25,48,4,4.83,192,"[0.5073, 0.6149, 0.5392, 0.5336]",[],2005,0,False,False
26,48,3,4.09,144,"[0.4913, 0.4756, 0.5574]",[],2006,0,False,False
27,48,5,5.81,240,"[0.42, 0.4587, 0.5158, 0.5767, 0.539]",[],2007,0,False,False
28,48,2,3.5,96,"[0.4991, 0.5784]",[],2008,0,False,False
29,48,3,4.21,144,"[0.4288, 0.4925, 0.4731]",[],2009,0,False,False
30,48,4,4.89,192,"[0.5114, 0.2825, 0.351, 0.5226]",[],2010,0,False,False
31,48,4,4.93,192,"[0.5111, 0.4782, 0.5186, 0.5539]",[],2011,0,False,False
32,48,4,4.8,192,"[0.4624, 0.4939, 0.4815, 0.5322]",[],2012,0,False,False
33,48,4,4.92,192,"[0.3813, 0.5961, 0.5889, 0.5852]",[],2013,0,False,False
34,48,7,8.04,336,"[0.495, 0.3071, 0.4946, 0.407, 0.4583, 0.5121, 0.449]",[],2014,0,False,False
35,48,3,4.15,144,"[0.5343, 0.5018, 0.5107]",[],2015,0,False,False
36,48,3,4.03,144,"[-0.9906, 0.4021, 0.5811]",[],2016,0,False,False
37,48,3,4.02,144,"[0.3378, 0.5112, 0.4133]",[],2017,0,False,False
38,48,2,3.49,96,"[0.4577, 0.4918]",[],2018,0,False,False
39,48,4,4.82,192,"[0.3891, 0.4903, 0.5254, 0.5496]",[],2019,0,False,False
40,64,2,3.51,128,"[0.4737, 0.4882]",[],2000,0,False,False
41,64,2,3.45,128,"[0.5418, 0.559]",[],2001,0,False,False
42,64,7,8.49,448,"[0.6098, 0.5756, 0.5819, 0.5624, 0.5702, 0.5818, 0.6573]",[],2002,0,False,False
43,64,2,3.44,128,"[0.5896, 0.53]",[],2003,0,False,False
44,64,3,4.18,192,"[0.4878, 0.5405, 0.6022]",[],2004,0,False,False
45,64,2,3.55,128,"[0.3978, 0.5422]",[],2005,0,False,False
46,64,2,3.52,128,"[0.5833, 0.5331]",[],2006,0,False,False
47,64,3,4.22,192,"[0.4662, 0.5166, 0.5835]",[],2007,0,False,False
48,64,4,5.09,256,"[0.5074, 0.6561, 0.6557, 0.568]",[],2008,0,False,False
49,64,4,5.09,256,"[0.335, 0.6724, 0.6139, 0.618]",[],2009,0,False,False
50,64,1,2.94,64,[0.3708],[],2010,0,False,False
51,64,3,4.25,192,"[0.584, 0.514, 0.558]",[],2011,0,False,False
52,64,3,4.23,192,"[0.5811, 0.4798, 0.42]",[],2012,0,False,False
53,64,2,3.46,128,"[0.4422, 0.4811]",[],2013,0,False,False
54,64,4,5.09,256,"[0.3746, 0.4318, 0.4748, 0.6113]",[],2014,0,False,False
55,64,4,5.13,256,"[0.4211, 0.5897, 0.6104, 0.6945]",[],2015,0,False,False
56,64,2,3.52,128,"[0.5566, 0.5855]",[],2016,0,False,False
57,64,4,5.01,256,"[0.5561, 0.4635, 0.4683, 0.5814]",[],2017,0,False,False
58,64,2,3.55,128,"[0.4804, 0.6075]",[],2018,0,False,False
59,64,4,5.06,256,"[0.5398, 0.4677, 0.6182, 0.6066]",[],2019,0,False,False
60,64,2,3.47,128,"[0.46, 0.4931]",[],2000,0,False,False
61,64,2,3.56,128,"[0.544, 0.5308]",[],2001,0,False,False
62,64,3,4.17,192,"[0.6085, 0.6182, 0.6514]",[],2002,0,False,False
63,64,4,5.18,256,"[0.6113, 0.4267, 0.4808, 0.5853]",[],2003,0,False,False
64,64,2,3.52,128,"[0.4697, 0.5823]",[],2004,0,False,False
65,64,3,4.34,192,"[0.4024, 0.4664, 0.5336]",[],2005,0,False,False
66,64,1,2.97,64,[0.5383],[],2006,0,False,False
67,64,12,18.89,768,"[0.4902, 0.2457, 0.466, 0.437, 0.5562, 0.5283, 0.6021, 0.6802, 0.6419, 0.6477, 0.679, 0.6714]",[],2007,0,False,False
68,64,3,4.17,192,"[0.5365, 0.6331, 0.5907]",[],2008,0,False,False
69,64,2,3.53,128,"[0.3444, 0.6398]",[],2009,0,False,False
70,64,2,3.47,128,"[0.3157, 0.5793]",[],2010,0,False,False
71,64,4,5.29,256,"[0.5707, 0.4798, 0.5334, 0.5967]",[],2011,0,False,False
72,64,2,3.52,128,"[0.5848, 0.5551]",[],2012,0,False,False
73,64,4,5.11,256,"[0.3748, 0.3292, 0.4591, 0.5155]",[],2013,0,False,False
74,64,6,7.47,384,"[0.5049, 0.3832, 0.4193, 0.4431, 0.5537, 0.5716]",[],2014,0,False,False
75,64,3,4.12,192,"[0.404, 0.5848, 0.6582]",[],2015,0,False,False
76,64,3,4.26,192,"[0.4961, 0.453, 0.5585]",[],2016,0,False,False
77,64,2,3.46,128,"[0.547, 0.5545]",[],2017,0,False,False
78,64,2,3.53,128,"[0.4936, 0.6265]",[],2018,0,False,False
79,64,9,12.37,576,"[0.5159, 0.4776, 0.635, 0.5977, 0.5502, 0.5602, 0.4997, 0.556, 0.4991]",[],2019,0,False,False
80,64,2,3.55,128,"[0.4585, 0.4967]",[],2000,0,False,False
81,64,2,3.47,128,"[0.5332, 0.5384]",[],2001,0,False,False
82,64,3,4.29,192,"[0.6223, 0.6264, 0.5971]",[],2002,0,False,False
83,64,3,4.1,192,"[0.5759, 0.5039, 0.5463]",[],2003,0,False,False
84,64,3,4.14,192,"[0.4273, 0.5808, 0.5833]",[],2004,0,False,False
85,64,4,5.0,256,"[0.3876, 0.5529, 0.5107, 0.5628]",[],2005,0,False,False
86,64,2,3.45,128,"[0.575, 0.5886]",[],2006,0,False,False
87,64,2,3.51,128,"[0.4593, 0.5253]",[],2007,0,False,False
88,64,4,4.95,256,"[0.5142, 0.6218, 0.6157, 0.6354]",[],2008,0,False,False
89,64,4,5.09,256,"[0.3558, 0.6853, 0.5764, 0.592]",[],2009,0,False,False
90,64,2,3.47,128,"[0.38, 0.5282]",[],2010,0,False,False
91,64,4,5.07,256,"[0.5722, 0.6199, 0.5702, 0.6474]",[],2011,0,False,False
92,64,2,3.44,128,"[0.5864, 0.5358]",[],2012,0,False,False
93,64,2,3.47,128,"[0.4156, 0.4796]",[],2013,0,False,False
94,64,4,5.13,256,"[0.3971, 0.4655, 0.5644, 0.6553]",[],2014,0,False,False
95,64,4,5.01,256,"[0.4241, 0.5772, 0.6317, 0.6375]",[],2015,0,False,False
96,64,2,3.55,128,"[0.5242, 0.4624]",[],2016,0,False,False
97,64,2,3.51,128,"[0.5814, 0.4978]",[],2017,0,False,False
98,64,4,5.09,256,"[0.4973, 0.6346, 0.6319, 0.5772]",[],2018,0,False,False
99,64,3,4.11,192,"[0.5363, 0.4651, 0.5549]",[],2019,0,False,False
100,48,3,4.12,144,"[0.5003, 0.5136, 0.5177]",[],2000,0,False,False
101,48,1,2.97,48,[0.4817],[],2001,0,False,False
102,48,4,4.96,192,"[0.2632, 0.3758, 0.5774, 0.455]",[],2002,0,False,False
103,48,1,2.94,48,[0.4036],[],2003,0,False,False
104,48,1,2.96,48,[0.5089],[],2004,0,False,False
105,48,2,3.43,96,"[0.5004, 0.5246]",[],2005,0,False,False
106,48,4,4.93,192,"[0.4804, 0.5298, 0.532, 0.6028]",[],2006,0,False,False
107,48,4,4.95,192,"[0.3314, 0.5603, 0.514, 0.58]",[],2007,0,False,False
108,48,2,3.42,96,"[0.5122, 0.61]",[],2008,0,False,False
109,48,3,4.16,144,"[0.3613, 0.4991, 0.6226]",[],2009,0,False,False
110,48,3,4.08,144,"[0.4854, 0.4916, 0.5348]",[],2010,0,False,False
111,48,7,7.99,336,"[0.5139, 0.5217, 0.4978, 0.5641, 0.5594, 0.5404, 0.5067]",[],2011,0,False,False
112,48,2,3.5,96,"[0.456, 0.3382]",[],2012,0,False,False
113,48,4,4.84,192,"[0.4157, 0.6047, 0.5656, 0.6517]",[],2013,0,False,False
114,48,4,4.97,192,"[0.4857, 0.423, 0.379, 0.4957]",[],2014,0,False,False
115,48,4,4.94,192,"[0.5169, 0.3863, 0.5767, 0.5144]",[],2015,0,False,False
116,48,4,4.95,192,"[-1.0504, 0.4052, 0.6136, 0.5095]",[],2016,0,False,False
117,48,2,3.51,96,"[0.365, 0.4843]",[],2017,0,False,False
118,48,2,3.6,96,"[0.4747, 0.5435]",[],2018,0,False,False
119,48,2,3.43,96,"[0.3902, 0.3845]",[],2019,0,False,False
120,64,2,3.57,128,"[0.4547, 0.489]",[],2000,0,False,False
121,64,3,4.13,192,"[0.5433, 0.5636, 0.6712]",[],2001,0,False,False
122,64,6,7.33,384,"[0.6255, 0.4681, 0.5927, 0.6718, 0.6482, 0.6609]",[],2002,0,False,False
123,64,3,4.18,192,"[0.5862, 0.4752, 0.5982]",[],2003,0,False,False
124,64,4,5.14,256,"[0.4647, 0.5131, 0.5286, 0.4733]",[],2004,0,False,False
125,64,4,5.17,256,"[0.3901, 0.407, 0.4877, 0.5069]",[],2005,0,False,False
126,64,1,2.96,64,[0.5244],[],2006,0,False,False
127,64,2,3.5,128,"[0.4921, 0.577]",[],2007,0,False,False
128,64,2,3.47,128,"[0.4989, 0.6216]",[],2008,0,False,False
129,64,3,4.16,192,"[0.3666, 0.5786, 0.5925]",[],2009,0,False,False
130,64,1,3.02,64,[0.379],[],2010,0,False,False
131,64,2,3.4,128,"[0.5684, 0.5889]",[],2011,0,False,False
132,64,5,6.14,320,"[0.5625, 0.5577, 0.5735, 0.6169, 0.5622]",[],2012,0,False,False
133,64,3,4.19,192,"[0.3752, 0.378, 0.4312]",[],2013,0,False,False
134,64,1,2.95,64,[0.5021],[],2014,0,False,False
135,64,5,6.09,320,"[0.3963, 0.547, 0.5749, 0.6809, 0.6142]",[],2015,0,False,False
136,64,2,3.49,128,"[0.5186, 0.4875]",[],2016,0,False,False
137,64,3,4.15,192,"[0.5255, 0.6076, 0.6415]",[],2017,0,False,False
138,64,3,4.21,192,"[0.4762, 0.5517, 0.6144]",[],2018,0,False,False
139,64,3,4.19,192,"[0.5331, 0.462, 0.5645]",[],2019,0,False,False
140,64,2,3.49,128,"[0.45, 0.518]",[],2000,0,False,False
141,64,3,4.14,192,"[0.5136, 0.6011, 0.572]",[],2001,0,False,False
142,64,2,3.55,128,"[0.616, 0.6358]",[],2002,0,False,False
143,64,2,3.47,128,"[0.5947, 0.5248]",[],2003,0,False,False
144,64,5,6.08,320,"[0.5023, 0.5211, 0.5672, 0.5625, 0.5785]",[],2004,0,False,False
145,64,3,4.15,192,"[0.3583, 0.2823, 0.4395]",[],2005,0,False,False
146,64,1,3.02,64,[0.5476],[],2006,0,False,False
147,64,2,3.55,128,"[0.4618, 0.42]",[],2007,0,False,False
148,64,3,4.11,192,"[0.4843, 0.639, 0.6021]",[],2008,0,False,False
149,64,5,6.06,320,"[0.3816, 0.5391, 0.5858, 0.6648, 0.6203]",[],2009,0,False,False
150,64,1,2.93,64,[0.3783],[],2010,0,False,False
151,64,4,5.08,256,"[0.5703, 0.4396, 0.6366, 0.5977]",[],2011,0,False,False
152,64,3,4.2,192,"[0.5742, 0.4296, 0.4928]",[],2012,0,False,False
153,64,4,4.97,256,"[0.4197, 0.3316, 0.5481, 0.5772]",[],2013,0,False,False
154,64,3,4.25,192,"[0.392, 0.5386, 0.5717]",[],2014,0,False,False
155,64,5,6.13,320,"[0.4165, 0.6136, 0.6599, 0.5949, 0.6903]",[],2015,0,False,False
156,64,3,4.26,192,"[0.5111, 0.5712, 0.5665]",[],2016,0,False,False
157,64,5,6.24,320,"[0.533, 0.5413, 0.6018, 0.6273, 0.669]",[],2017,0,False,False
158,64,3,4.25,192,"[0.4888, 0.6108, 0.5838]",[],2018,0,False,False
159,64,4,5.06,256,"[0.5346, 0.5091, 0.5693, 0.5857]",[],2019,0,False,False
160,64,2,3.09,128,"[0.4757, 0.5765]",[],2000,0,False,False
161,64,3,3.51,192,"[0.537, 0.5749, 0.5439]",[],2001,0,False,False
162,64,5,4.5,320,"[0.6102, 0.4919, 0.5061, 0.5679, 0.5343]",[],2002,0,False,False
163,64,2,3.1,128,"[0.578, 0.5114]",[],2003,0,False,False
164,64,3,3.52,192,"[0.4838, 0.5974, 0.6217]",[],2004,0,False,False
165,64,4,4.01,256,"[0.3872, 0.5023, 0.4716, 0.5802]",[],2005,0,False,False
166,64,3,3.47,192,"[0.5807, 0.2938, 0.4298]",[],2006,0,False,False
167,64,2,3.14,128,"[0.4993, 0.541]",[],2007,0,False,False
168,64,3,3.47,192,"[0.5457, 0.6126, 0.5631]",[],2008,0,False,False
169,64,4,4.17,256,"[0.3309, 0.6872, 0.534, 0.5741]",[],2009,0,False,False
170,48,2,3.53,96,"[0.4909, 0.4998]",[],2000,0,False,False
171,48,1,3.05,48,[0.4716],[],2001,0,False,False
172,48,2,3.53,96,"[0.2987, 0.5204]",[],2002,0,False,False
173,48,1,3.0,48,[0.3409],[],2003,0,False,False
174,48,1,2.96,48,[0.5199],[],2004,0,False,False
175,48,4,4.89,192,"[0.5103, 0.4934, 0.6066, 0.6024]",[],2005,0,False,False
176,48,5,5.83,240,"[0.4881, 0.5091, 0.5719, 0.5773, 0.5958]",[],2006,0,False,False
177,48,5,5.84,240,"[0.415, 0.5025, 0.5548, 0.5559, 0.5676]",[],2007,0,False,False
178,48,5,5.8,240,"[0.5112, 0.6353, 0.6612, 0.6512, 0.6384]",[],2008,0,False,False
179,48,3,4.19,144,"[0.4392, 0.5013, 0.5549]",[],2009,0,False,False
180,48,4,4.86,192,"[0.518, 0.4036, 0.4399, 0.4706]",[],2010,0,False,False
181,48,4,4.92,192,"[0.4979, 0.5372, 0.3418, 0.4198]",[],2011,0,False,False
182,48,5,5.81,240,"[0.4487, 0.2948, 0.288, 0.2114, 0.4604]",[],2012,0,False,False
183,48,2,3.53,96,"[0.4156, 0.6375]",[],2013,0,False,False
184,48,7,8.23,336,"[0.4618, 0.4294, 0.4286, 0.4343, 0.4935, 0.5451, 0.6063]",[],2014,0,False,False
185,48,4,4.97,192,"[0.5494, 0.5854, 0.6577, 0.6058]",[],2015,0,False,False
186,48,4,4.93,192,"[-0.9988, 0.4584, 0.5503, 0.5748]",[],2016,0,False,False
187,48,4,4.92,192,"[0.3358, 0.5025, 0.4855, 0.58]",[],2017,0,False,False
188,48,3,4.11,144,"[0.4704, 0.5167, 0.5278]",[],2018,0,False,False
189,48,3,4.14,144,"[0.3943, 0.4706, 0.6005]",[],2019,0,False,False
190,64,4,5.1,256,"[0.4715, 0.5568, 0.5104, 0.5565]",[],2000,0,False,False
191,64,3,4.01,192,"[0.5626, 0.5161, 0.605]",[],2001,0,False,False
192,64,3,3.98,192,"[0.6207, 0.5753, 0.6437]",[],2002,0,False,False
193,64,4,4.86,256,"[0.6072, 0.579, 0.5048, 0.5879]",[],2003,0,False,False
194,64,3,3.95,192,"[0.493, 0.574, 0.5882]",[],2004,0,False,False
195,64,3,4.0,192,"[0.3719, 0.4445, 0.4413]",[],2005,0,False,False
196,64,2,3.32,128,"[0.579, 0.6516]",[],2006,0,False,False
197,64,2,3.43,128,"[0.4673, 0.4665]",[],2007,0,False,False
198,64,3,4.03,192,"[0.5415, 0.5958, 0.5992]",[],2008,0,False,False
199,64,4,4.9,256,"[0.3321, 0.6024, 0.6371, 0.6511]",[],2009,0,False,False
200,64,2,3.16,128,"[0.455, 0.4711]",[],2000,0,False,False
201,64,5,4.44,320,"[0.5689, 0.5475, 0.5938, 0.5836, 0.6436]",[],2001,0,False,False
202,64,4,4.01,256,"[0.588, 0.5441, 0.5812, 0.6114]",[],2002,0,False,False
203,64,2,3.09,128,"[0.5876, 0.5477]",[],2003,0,False,False
204,64,2,3.24,128,"[0.4325, 0.608]",[],2004,0,False,False
205,64,2,3.09,128,"[0.4016, 0.5381]",[],2005,0,False,False
206,64,2,3.09,128,"[0.5755, 0.333]",[],2006,0,False,False
207,64,7,5.6,448,"[0.4894, 0.5619, 0.478, 0.5676, 0.5699, 0.5365, 0.5669]",[],2007,0,False,False
208,64,2,3.11,128,"[0.5457, 0.6573]",[],2008,0,False,False
209,64,4,3.92,256,"[0.3686, 0.5665, 0.5754, 0.6717]",[],2009,0,False,False
210,64,2,3.04,128,"[0.4404, 0.5206]",[],2000,0,False,False
211,64,2,3.0,128,"[0.5515, 0.5773]",[],2001,0,False,False
212,64,4,3.81,256,"[0.6083, 0.6084, 0.6144, 0.5693]",[],2002,0,False,False
213,64,2,2.96,128,"[0.5985, 0.5208]",[],2003,0,False,False
214,64,3,3.36,192,"[0.4736, 0.5066, 0.5929]",[],2004,0,False,False
215,64,3,3.49,192,"[0.3693, 0.4844, 0.5341]",[],2005,0,False,False
216,64,1,2.68,64,[0.5456],[],2006,0,False,False
217,64,12,8.57,768,"[0.491, 0.4168, 0.4913, 0.5221, 0.5653, 0.6157, 0.6488, 0.6235, 0.6245, 0.5647, 0.6317, 0.6954]",[],2007,0,False,False
218,64,3,3.34,192,"[0.4976, 0.6093, 0.5855]",[],2008,0,False,False
219,64,4,3.86,256,"[0.4013, 0.6096, 0.6454, 0.5984]",[],2009,0,False,False
220,64,2,3.14,128,"[0.4524, 0.5037]",[],2000,0,False,False
221,64,3,3.58,192,"[0.5629, 0.5686, 0.5451]",[],2001,0,False,False
222,64,1,2.77,64,[0.6057],[],2002,0,False,False
223,64,3,3.51,192,"[0.5725, 0.5413, 0.5843]",[],2003,0,False,False
224,64,3,3.53,192,"[0.4354, 0.6018, 0.5897]",[],2004,0,False,False
225,64,2,3.17,128,"[0.4021, 0.4879]",[],2005,0,False,False
226,64,4,4.05,256,"[0.5908, 0.3183, 0.5905, 0.431]",[],2006,0,False,False
227,64,2,3.1,128,"[0.4897, 0.4682]",[],2007,0,False,False
228,64,2,3.04,128,"[0.5347, 0.6115]",[],2008,0,False,False
229,64,4,3.96,256,"[0.3562, 0.5787, 0.6483, 0.6412]",[],2009,0,False,False
230,64,3,4.03,192,"[0.4698, 0.5222, 0.5323]",[],2000,0,False,False
231,64,4,4.85,256,"[0.5438, 0.581, 0.6565, 0.616]",[],2001,0,False,False
232,64,5,5.82,320,"[0.6159, 0.6019, 0.6477, 0.602, 0.6259]",[],2002,0,False,False
233,64,4,4.81,256,"[0.5736, 0.5157, 0.62, 0.661]",[],2003,0,False,False
234,64,2,3.28,128,"[0.463, 0.599]",[],2004,0,False,False
235,64,2,3.34,128,"[0.3881, 0.5376]",[],2005,0,False,False
236,64,4,4.93,256,"[0.5962, 0.5675, 0.4604, 0.5493]",[],2006,0,False,False
237,64,2,3.33,128,"[0.4937, 0.4923]",[],2007,0,False,False
238,64,3,4.06,192,"[0.5632, 0.6486, 0.608]",[],2008,0,False,False
239,64,2,3.37,128,"[0.3922, 0.549]",[],2009,0,False,False
240,48,2,3.53,96,"[0.4671, 0.5804]",[],2000,0,False,False
241,48,1,2.96,48,[0.4124],[],2001,0,False,False
242,48,2,3.45,96,"[0.2857, 0.5203]",[],2002,0,False,False
243,48,1,2.99,48,[0.3647],[],2003,0,False,False
244,48,1,2.99,48,[0.5382],[],2004,0,False,False
245,48,4,4.87,192,"[0.5018, 0.5546, 0.4699, 0.5855]",[],2005,0,False,False
246,48,4,5.03,192,"[0.4808, 0.5226, 0.5154, 0.5747]",[],2006,0,False,False
247,48,4,4.85,192,"[0.4234, 0.5879, 0.466, 0.5129]",[],2007,0,False,False
248,48,4,4.92,192,"[0.4973, 0.5844, 0.5457, 0.5858]",[],2008,0,False,False
249,48,3,4.14,144,"[0.4256, 0.5239, 0.4775]",[],2009,0,False,False
250,48,7,8.19,336,"[0.5112, 0.3847, 0.4779, 0.4328, 0.5524, 0.5292, 0.6754]",[],2010,0,False,False
251,48,5,5.77,240,"[0.5004, 0.5801, 0.6131, 0.5143, 0.5436]",[],2011,0,False,False
252,48,2,3.44,96,"[0.446, 0.4067]",[],2012,0,False,False
253,48,3,4.24,144,"[0.3934, 0.5825, 0.5725]",[],2013,0,False,False
254,48,9,10.82,432,"[0.4923, 0.4648, 0.5369, 0.4579, 0.4692, 0.4474, 0.4919, 0.4352, 0.4995]",[],2014,0,False,False
255,48,6,6.73,288,"[0.5557, 0.5273, 0.4775, 0.5706, 0.5941, 0.6078]",[],2015,0,False,False
256,48,3,4.13,144,"[-0.8679, 0.3514, 0.5213]",[],2016,0,False,False
257,48,2,3.54,96,"[0.3608, 0.4014]",[],2017,0,False,False
258,48,2,3.47,96,"[0.478, 0.5195]",[],2018,0,False,False
259,48,2,3.59,96,"[0.3891, 0.5696]",[],2019,0,False,False
260,64,2,3.45,128,"[0.4427, 0.5904]",[],2000,0,False,False
261,64,2,3.52,128,"[0.5552, 0.5822]",[],2001,0,False,False
262,64,3,4.2,192,"[0.611, 0.5704, 0.6495]",[],2002,0,False,False
263,64,3,4.19,192,"[0.5537, 0.5622, 0.6258]",[],2003,0,False,False
264,64,2,3.51,128,"[0.4739, 0.5612]",[],2004,0,False,False
265,64,2,3.52,128,"[0.3781, 0.52]",[],2005,0,False,False
266,64,1,2.93,64,[0.5453],[],2006,0,False,False
267,64,2,3.5,128,"[0.4596, 0.4017]",[],2007,0,False,False
268,64,4,5.06,256,"[0.4881, 0.6293, 0.5753, 0.5995]",[],2008,0,False,False
269,64,5,6.38,320,"[0.3591, 0.4776, 0.6284, 0.6224, 0.6279]",[],2009,0,False,False
270,64,3,4.2,192,"[0.3597, 0.5938, 0.6239]",[],2010,0,False,False
271,64,2,3.55,128,"[0.5694, 0.5408]",[],2011,0,False,False
272,64,4,5.16,256,"[0.5628, 0.5472, 0.4836, 0.5068]",[],2012,0,False,False
273,64,2,3.49,128,"[0.4412, 0.4083]",[],2013,0,False,False
274,64,5,6.15,320,"[0.3738, 0.3837, 0.5485, 0.6452, 0.6116]",[],2014,0,False,False
275,64,4,5.11,256,"[0.3995, 0.5907, 0.6624, 0.4983]",[],2015,0,False,False
276,64,2,3.52,128,"[0.4996, 0.5596]",[],2016,0,False,False
277,64,3,4.29,192,"[0.5484, 0.5307, 0.5939]",[],2017,0,False,False
278,64,2,3.55,128,"[0.4899, 0.6207]",[],2018,0,False,False
279,64,3,4.21,192,"[0.5278, 0.4921, 0.5687]",[],2019,0,False,False
