,measure_size,scratch,encoder_freeze,encoder_lr,cost_predictor_lr,rank_warmup_epochs,weights,uncertainty_topk,grad_num,rand_num,phase,train_size,used_time,val_reg_r2,seed_n,sampling_seed,top-1
0,32,False,False,1e-05,1e-05,100,"(0.4, 0.3, 0.3)",0,2,0,6.75,216.0,44.5475,[0.4545],20,"[2000, 2001, 2002, 2003, 2004, 2005, 2006, 2007, 2008, 2009, 2010, 2011, 2012, 2013, 2014, 2015, 2016, 2017, 2018, 2019]",0.15
1,32,False,False,1e-05,1e-05,100,"(0.4, 0.3, 0.3)",0,4,0,5.8,185.6,31.561500000000002,[0.4545],20,"[2000, 2001, 2002, 2003, 2004, 2005, 2006, 2007, 2008, 2009, 2010, 2011, 2012, 2013, 2014, 2015, 2016, 2017, 2018, 2019]",0.2
2,32,False,False,1e-05,1e-05,100,"(0.4, 0.3, 0.3)",64,2,0,4.0,128.0,17.559444444444445,"[0.3615, 0.1561, 0.1386, 0.1755, 0.2463, 0.2578, 0.2487, 0.2687, 0.224, 0.1928, 0.17, 0.1801, 0.2437]",18,"[2002, 2003, 2004, 2005, 2006, 2007, 2008, 2009, 2010, 2011, 2012, 2013, 2014, 2015, 2016, 2017, 2018, 2019]",0.16666666666666666
3,32,False,False,1e-05,1e-05,100,"(0.4, 0.3, 0.3)",64,4,0,4.55,145.6,23.8445,[0.4545],20,"[2000, 2001, 2002, 2003, 2004, 2005, 2006, 2007, 2008, 2009, 2010, 2011, 2012, 2013, 2014, 2015, 2016, 2017, 2018, 2019]",0.25
4,32,False,False,1e-05,1e-05,200,"(0.4, 0.3, 0.3)",0,2,0,5.5,176.0,29.047500000000003,[0.4735],20,"[2000, 2001, 2002, 2003, 2004, 2005, 2006, 2007, 2008, 2009, 2010, 2011, 2012, 2013, 2014, 2015, 2016, 2017, 2018, 2019]",0.25
5,32,False,False,1e-05,1e-05,200,"(0.4, 0.3, 0.3)",0,4,0,5.8,185.6,30.9,[0.4735],20,"[2000, 2001, 2002, 2003, 2004, 2005, 2006, 2007, 2008, 2009, 2010, 2011, 2012, 2013, 2014, 2015, 2016, 2017, 2018, 2019]",0.25
6,32,False,False,1e-05,1e-05,200,"(0.4, 0.3, 0.3)",64,2,0,6.35,203.2,36.137,[0.4735],20,"[2000, 2001, 2002, 2003, 2004, 2005, 2006, 2007, 2008, 2009, 2010, 2011, 2012, 2013, 2014, 2015, 2016, 2017, 2018, 2019]",0.35
7,32,False,False,1e-05,1e-05,200,"(0.4, 0.3, 0.3)",64,4,0,6.35,203.2,36.9185,[0.4735],20,"[2000, 2001, 2002, 2003, 2004, 2005, 2006, 2007, 2008, 2009, 2010, 2011, 2012, 2013, 2014, 2015, 2016, 2017, 2018, 2019]",0.35
8,32,False,False,1e-05,1e-05,300,"(0.4, 0.3, 0.3)",0,2,0,4.75,152.0,24.7935,[0.4884],20,"[2000, 2001, 2002, 2003, 2004, 2005, 2006, 2007, 2008, 2009, 2010, 2011, 2012, 2013, 2014, 2015, 2016, 2017, 2018, 2019]",0.35
9,32,False,False,1e-05,1e-05,300,"(0.4, 0.3, 0.3)",0,4,0,6.3,201.6,36.141000000000005,[0.4884],20,"[2000, 2001, 2002, 2003, 2004, 2005, 2006, 2007, 2008, 2009, 2010, 2011, 2012, 2013, 2014, 2015, 2016, 2017, 2018, 2019]",0.4
10,32,False,False,1e-05,1e-05,300,"(0.4, 0.3, 0.3)",64,2,0,4.15,132.8,16.759,[0.4884],20,"[2000, 2001, 2002, 2003, 2004, 2005, 2006, 2007, 2008, 2009, 2010, 2011, 2012, 2013, 2014, 2015, 2016, 2017, 2018, 2019]",0.35
11,32,False,False,1e-05,1e-05,300,"(0.4, 0.3, 0.3)",64,4,0,5.6,179.2,28.163,[0.4884],20,"[2000, 2001, 2002, 2003, 2004, 2005, 2006, 2007, 2008, 2009, 2010, 2011, 2012, 2013, 2014, 2015, 2016, 2017, 2018, 2019]",0.25
12,32,False,False,1e-05,1e-05,400,"(0.4, 0.3, 0.3)",0,2,0,5.2,166.4,24.1365,[0.503],20,"[2000, 2001, 2002, 2003, 2004, 2005, 2006, 2007, 2008, 2009, 2010, 2011, 2012, 2013, 2014, 2015, 2016, 2017, 2018, 2019]",0.3
13,32,False,False,1e-05,1e-05,400,"(0.4, 0.3, 0.3)",0,4,0,4.6,147.2,23.188499999999998,[0.503],20,"[2000, 2001, 2002, 2003, 2004, 2005, 2006, 2007, 2008, 2009, 2010, 2011, 2012, 2013, 2014, 2015, 2016, 2017, 2018, 2019]",0.3
14,32,False,False,1e-05,1e-05,400,"(0.4, 0.3, 0.3)",64,2,0,4.65,148.8,21.1895,[0.503],20,"[2000, 2001, 2002, 2003, 2004, 2005, 2006, 2007, 2008, 2009, 2010, 2011, 2012, 2013, 2014, 2015, 2016, 2017, 2018, 2019]",0.35
15,32,False,False,1e-05,1e-05,400,"(0.4, 0.3, 0.3)",64,4,0,5.25,168.0,25.961000000000002,[0.503],20,"[2000, 2001, 2002, 2003, 2004, 2005, 2006, 2007, 2008, 2009, 2010, 2011, 2012, 2013, 2014, 2015, 2016, 2017, 2018, 2019]",0.35
16,32,False,False,1e-05,1e-05,500,"(0.4, 0.3, 0.3)",0,2,0,4.5,144.0,21.792,[0.5101],20,"[2000, 2001, 2002, 2003, 2004, 2005, 2006, 2007, 2008, 2009, 2010, 2011, 2012, 2013, 2014, 2015, 2016, 2017, 2018, 2019]",0.1
17,32,False,False,1e-05,1e-05,500,"(0.4, 0.3, 0.3)",0,4,0,3.35,107.2,13.055000000000001,[0.5101],20,"[2000, 2001, 2002, 2003, 2004, 2005, 2006, 2007, 2008, 2009, 2010, 2011, 2012, 2013, 2014, 2015, 2016, 2017, 2018, 2019]",0.2
18,32,False,False,1e-05,1e-05,500,"(0.4, 0.3, 0.3)",64,2,0,3.2,102.4,11.907,[0.5101],20,"[2000, 2001, 2002, 2003, 2004, 2005, 2006, 2007, 2008, 2009, 2010, 2011, 2012, 2013, 2014, 2015, 2016, 2017, 2018, 2019]",0.2
19,32,False,False,1e-05,1e-05,500,"(0.4, 0.3, 0.3)",64,4,0,3.55,113.6,13.991499999999998,[0.5101],20,"[2000, 2001, 2002, 2003, 2004, 2005, 2006, 2007, 2008, 2009, 2010, 2011, 2012, 2013, 2014, 2015, 2016, 2017, 2018, 2019]",0.3
20,32,False,False,1e-05,0.0001,100,"(0.4, 0.3, 0.3)",0,2,0,3.2,102.4,11.361,"[0.4159, 0.3981]",20,"[2000, 2001, 2002, 2003, 2004, 2005, 2006, 2007, 2008, 2009, 2010, 2011, 2012, 2013, 2014, 2015, 2016, 2017, 2018, 2019]",0.2
21,32,False,False,1e-05,0.0001,100,"(0.4, 0.3, 0.3)",0,4,0,2.7,86.4,9.0195,"[0.4159, 0.3951]",20,"[2000, 2001, 2002, 2003, 2004, 2005, 2006, 2007, 2008, 2009, 2010, 2011, 2012, 2013, 2014, 2015, 2016, 2017, 2018, 2019]",0.25
22,32,False,False,1e-05,0.0001,100,"(0.4, 0.3, 0.3)",64,4,0,4.0,128.0,15.229499999999998,"[0.4159, 0.507]",20,"[2000, 2001, 2002, 2003, 2004, 2005, 2006, 2007, 2008, 2009, 2010, 2011, 2012, 2013, 2014, 2015, 2016, 2017, 2018, 2019]",0.4
23,32,False,False,1e-05,0.0001,200,"(0.4, 0.3, 0.3)",0,2,0,2.6,83.2,9.047,[0.418],20,"[2000, 2001, 2002, 2003, 2004, 2005, 2006, 2007, 2008, 2009, 2010, 2011, 2012, 2013, 2014, 2015, 2016, 2017, 2018, 2019]",0.15
24,32,False,False,1e-05,0.0001,200,"(0.4, 0.3, 0.3)",0,4,0,2.95,94.4,10.020999999999999,[0.418],20,"[2000, 2001, 2002, 2003, 2004, 2005, 2006, 2007, 2008, 2009, 2010, 2011, 2012, 2013, 2014, 2015, 2016, 2017, 2018, 2019]",0.15
25,32,False,False,1e-05,0.0001,200,"(0.4, 0.3, 0.3)",64,4,0,3.55,113.6,14.663500000000003,[0.418],20,"[2000, 2001, 2002, 2003, 2004, 2005, 2006, 2007, 2008, 2009, 2010, 2011, 2012, 2013, 2014, 2015, 2016, 2017, 2018, 2019]",0.15
26,32,False,False,1e-05,0.0001,300,"(0.4, 0.3, 0.3)",0,2,0,2.7,86.4,9.432,[0.4167],20,"[2000, 2001, 2002, 2003, 2004, 2005, 2006, 2007, 2008, 2009, 2010, 2011, 2012, 2013, 2014, 2015, 2016, 2017, 2018, 2019]",0.15
27,32,False,False,1e-05,0.0001,300,"(0.4, 0.3, 0.3)",0,4,0,2.9,92.8,9.846499999999999,[0.4167],20,"[2000, 2001, 2002, 2003, 2004, 2005, 2006, 2007, 2008, 2009, 2010, 2011, 2012, 2013, 2014, 2015, 2016, 2017, 2018, 2019]",0.2
28,32,False,False,1e-05,0.0001,300,"(0.4, 0.3, 0.3)",64,4,0,2.7,86.4,9.0895,[0.4167],20,"[2000, 2001, 2002, 2003, 2004, 2005, 2006, 2007, 2008, 2009, 2010, 2011, 2012, 2013, 2014, 2015, 2016, 2017, 2018, 2019]",0.3
29,32,False,False,1e-05,0.0001,400,"(0.4, 0.3, 0.3)",0,2,0,3.75,120.0,15.3355,[0.4128],20,"[2000, 2001, 2002, 2003, 2004, 2005, 2006, 2007, 2008, 2009, 2010, 2011, 2012, 2013, 2014, 2015, 2016, 2017, 2018, 2019]",0.15
30,32,False,False,1e-05,0.0001,400,"(0.4, 0.3, 0.3)",0,4,0,2.95,94.4,9.8445,[0.4128],20,"[2000, 2001, 2002, 2003, 2004, 2005, 2006, 2007, 2008, 2009, 2010, 2011, 2012, 2013, 2014, 2015, 2016, 2017, 2018, 2019]",0.2
31,32,False,False,1e-05,0.0001,400,"(0.4, 0.3, 0.3)",64,4,0,2.8,89.6,9.548,[0.4128],20,"[2000, 2001, 2002, 2003, 2004, 2005, 2006, 2007, 2008, 2009, 2010, 2011, 2012, 2013, 2014, 2015, 2016, 2017, 2018, 2019]",0.25
32,32,False,False,1e-05,0.0001,500,"(0.4, 0.3, 0.3)",0,2,0,4.4,140.8,19.663,[0.4154],20,"[2000, 2001, 2002, 2003, 2004, 2005, 2006, 2007, 2008, 2009, 2010, 2011, 2012, 2013, 2014, 2015, 2016, 2017, 2018, 2019]",0.3
33,32,False,False,1e-05,0.0001,500,"(0.4, 0.3, 0.3)",0,4,0,3.85,123.2,15.16,[0.4154],20,"[2000, 2001, 2002, 2003, 2004, 2005, 2006, 2007, 2008, 2009, 2010, 2011, 2012, 2013, 2014, 2015, 2016, 2017, 2018, 2019]",0.1
34,32,False,False,1e-05,0.0001,500,"(0.4, 0.3, 0.3)",64,4,0,4.2,134.4,18.344500000000004,[0.4154],20,"[2000, 2001, 2002, 2003, 2004, 2005, 2006, 2007, 2008, 2009, 2010, 2011, 2012, 2013, 2014, 2015, 2016, 2017, 2018, 2019]",0.15
35,48,False,False,1e-05,1e-05,0,"(0.5, 0.2, 0.3)",0,0,0,3.25,156.0,19.583999999999996,[0.3676],20,"[2000, 2001, 2002, 2003, 2004, 2005, 2006, 2007, 2008, 2009, 2010, 2011, 2012, 2013, 2014, 2015, 2016, 2017, 2018, 2019]",0.6
36,48,False,False,1e-05,1e-05,0,"(0.5, 0.2, 0.3)",0,2,0,3.1,148.8,17.467499999999998,[0.3676],20,"[2000, 2001, 2002, 2003, 2004, 2005, 2006, 2007, 2008, 2009, 2010, 2011, 2012, 2013, 2014, 2015, 2016, 2017, 2018, 2019]",0.55
37,48,False,False,1e-05,1e-05,0,"(0.6, 0.1, 0.3)",0,0,0,2.6,124.8,11.3265,[0.3676],20,"[2000, 2001, 2002, 2003, 2004, 2005, 2006, 2007, 2008, 2009, 2010, 2011, 2012, 2013, 2014, 2015, 2016, 2017, 2018, 2019]",0.45
38,48,False,False,1e-05,1e-05,0,"(0.6, 0.1, 0.3)",0,2,0,3.25,156.0,20.080499999999997,[0.3676],20,"[2000, 2001, 2002, 2003, 2004, 2005, 2006, 2007, 2008, 2009, 2010, 2011, 2012, 2013, 2014, 2015, 2016, 2017, 2018, 2019]",0.45
39,48,False,False,1e-05,1e-05,0,"(0.6, 0.1, 0.3)",0,4,0,3.2,153.6,19.226,[0.3676],20,"[2000, 2001, 2002, 2003, 2004, 2005, 2006, 2007, 2008, 2009, 2010, 2011, 2012, 2013, 2014, 2015, 2016, 2017, 2018, 2019]",0.45
40,48,False,False,1e-05,1e-05,0,"(0.6, 0.1, 0.3)",48,0,0,2.6,124.8,11.0355,[0.3676],20,"[2000, 2001, 2002, 2003, 2004, 2005, 2006, 2007, 2008, 2009, 2010, 2011, 2012, 2013, 2014, 2015, 2016, 2017, 2018, 2019]",0.45
41,48,False,False,1e-05,1e-05,0,"(0.6, 0.1, 0.3)",48,2,0,3.25,156.0,20.3005,[0.3676],20,"[2000, 2001, 2002, 2003, 2004, 2005, 2006, 2007, 2008, 2009, 2010, 2011, 2012, 2013, 2014, 2015, 2016, 2017, 2018, 2019]",0.45
42,48,False,False,1e-05,1e-05,0,"(0.6, 0.1, 0.3)",48,4,0,3.2,153.6,19.18,[0.3676],20,"[2000, 2001, 2002, 2003, 2004, 2005, 2006, 2007, 2008, 2009, 2010, 2011, 2012, 2013, 2014, 2015, 2016, 2017, 2018, 2019]",0.45
43,48,False,False,1e-05,1e-05,0,"(0.7, 0.0, 0.3)",0,0,0,1.65,79.2,5.4825,[0.3676],20,"[2000, 2001, 2002, 2003, 2004, 2005, 2006, 2007, 2008, 2009, 2010, 2011, 2012, 2013, 2014, 2015, 2016, 2017, 2018, 2019]",0.35
44,48,False,False,1e-05,1e-05,0,"(0.7, 0.0, 0.3)",0,2,0,1.6,76.8,5.4135,[0.3676],20,"[2000, 2001, 2002, 2003, 2004, 2005, 2006, 2007, 2008, 2009, 2010, 2011, 2012, 2013, 2014, 2015, 2016, 2017, 2018, 2019]",0.35
45,48,False,False,1e-05,1e-05,0,"(0.7, 0.0, 0.3)",0,4,0,2.55,122.4,11.0265,[0.3676],20,"[2000, 2001, 2002, 2003, 2004, 2005, 2006, 2007, 2008, 2009, 2010, 2011, 2012, 2013, 2014, 2015, 2016, 2017, 2018, 2019]",0.35
46,48,False,False,1e-05,1e-05,0,"(0.7, 0.3, 0.0)",0,0,0,6.25,300.0,39.9195,[0.3676],20,"[2000, 2001, 2002, 2003, 2004, 2005, 2006, 2007, 2008, 2009, 2010, 2011, 2012, 2013, 2014, 2015, 2016, 2017, 2018, 2019]",0.15
47,48,False,False,1e-05,1e-05,0,"(0.7, 0.3, 0.0)",0,2,0,5.4,259.2,33.393,[0.3676],20,"[2000, 2001, 2002, 2003, 2004, 2005, 2006, 2007, 2008, 2009, 2010, 2011, 2012, 2013, 2014, 2015, 2016, 2017, 2018, 2019]",0.15
48,48,False,False,1e-05,1e-05,0,"(0.7, 0.3, 0.0)",0,4,0,5.25,252.0,32.571000000000005,[0.3676],20,"[2000, 2001, 2002, 2003, 2004, 2005, 2006, 2007, 2008, 2009, 2010, 2011, 2012, 2013, 2014, 2015, 2016, 2017, 2018, 2019]",0.25
49,48,False,False,1e-05,1e-05,0,"(0.7, 0.3, 0.0)",48,0,0,6.25,300.0,40.106,[0.3676],20,"[2000, 2001, 2002, 2003, 2004, 2005, 2006, 2007, 2008, 2009, 2010, 2011, 2012, 2013, 2014, 2015, 2016, 2017, 2018, 2019]",0.15
50,48,False,False,1e-05,1e-05,0,"(0.7, 0.3, 0.0)",48,2,0,5.4,259.2,33.628,[0.3676],20,"[2000, 2001, 2002, 2003, 2004, 2005, 2006, 2007, 2008, 2009, 2010, 2011, 2012, 2013, 2014, 2015, 2016, 2017, 2018, 2019]",0.15
51,48,False,False,1e-05,1e-05,0,"(0.7, 0.3, 0.0)",48,4,0,5.25,252.0,32.859,[0.3676],20,"[2000, 2001, 2002, 2003, 2004, 2005, 2006, 2007, 2008, 2009, 2010, 2011, 2012, 2013, 2014, 2015, 2016, 2017, 2018, 2019]",0.25
52,48,False,False,1e-05,1e-05,100,"(0.4, 0.3, 0.3)",0,2,0,3.4,147.2,16.6395,[0.4545],20,"[2000, 2001, 2002, 2003, 2004, 2005, 2006, 2007, 2008, 2009, 2010, 2011, 2012, 2013, 2014, 2015, 2016, 2017, 2018, 2019]",0.4
53,48,False,False,1e-05,1e-05,100,"(0.4, 0.3, 0.3)",0,4,0,3.75,164.0,18.8895,[0.4545],20,"[2000, 2001, 2002, 2003, 2004, 2005, 2006, 2007, 2008, 2009, 2010, 2011, 2012, 2013, 2014, 2015, 2016, 2017, 2018, 2019]",0.35
54,48,False,False,1e-05,1e-05,100,"(0.4, 0.3, 0.3)",64,2,0,3.45,149.6,17.017500000000002,[0.4545],20,"[2000, 2001, 2002, 2003, 2004, 2005, 2006, 2007, 2008, 2009, 2010, 2011, 2012, 2013, 2014, 2015, 2016, 2017, 2018, 2019]",0.5
55,48,False,False,1e-05,1e-05,100,"(0.4, 0.3, 0.3)",64,4,0,3.55,154.4,17.913,[0.4545],20,"[2000, 2001, 2002, 2003, 2004, 2005, 2006, 2007, 2008, 2009, 2010, 2011, 2012, 2013, 2014, 2015, 2016, 2017, 2018, 2019]",0.5
56,48,False,False,1e-05,1e-05,100,"(0.5, 0.2, 0.3)",0,0,0,2.85,136.8,15.102,[0.3974],20,"[2000, 2001, 2002, 2003, 2004, 2005, 2006, 2007, 2008, 2009, 2010, 2011, 2012, 2013, 2014, 2015, 2016, 2017, 2018, 2019]",0.45
57,48,False,False,1e-05,1e-05,100,"(0.5, 0.2, 0.3)",0,2,0,2.8,134.4,15.0425,[0.3974],20,"[2000, 2001, 2002, 2003, 2004, 2005, 2006, 2007, 2008, 2009, 2010, 2011, 2012, 2013, 2014, 2015, 2016, 2017, 2018, 2019]",0.45
58,48,False,False,1e-05,1e-05,100,"(0.6, 0.1, 0.3)",0,0,0,1.55,74.4,5.144,[0.3974],20,"[2000, 2001, 2002, 2003, 2004, 2005, 2006, 2007, 2008, 2009, 2010, 2011, 2012, 2013, 2014, 2015, 2016, 2017, 2018, 2019]",0.4
59,48,False,False,1e-05,1e-05,100,"(0.6, 0.1, 0.3)",0,2,0,1.55,74.4,5.031000000000001,[0.3974],20,"[2000, 2001, 2002, 2003, 2004, 2005, 2006, 2007, 2008, 2009, 2010, 2011, 2012, 2013, 2014, 2015, 2016, 2017, 2018, 2019]",0.4
60,48,False,False,1e-05,1e-05,100,"(0.6, 0.1, 0.3)",0,4,0,3.0,144.0,16.799,[0.3974],20,"[2000, 2001, 2002, 2003, 2004, 2005, 2006, 2007, 2008, 2009, 2010, 2011, 2012, 2013, 2014, 2015, 2016, 2017, 2018, 2019]",0.45
61,48,False,False,1e-05,1e-05,100,"(0.6, 0.1, 0.3)",48,0,0,1.55,74.4,5.162,[0.3974],20,"[2000, 2001, 2002, 2003, 2004, 2005, 2006, 2007, 2008, 2009, 2010, 2011, 2012, 2013, 2014, 2015, 2016, 2017, 2018, 2019]",0.4
62,48,False,False,1e-05,1e-05,100,"(0.6, 0.1, 0.3)",48,2,0,1.55,74.4,5.1805,[0.3974],20,"[2000, 2001, 2002, 2003, 2004, 2005, 2006, 2007, 2008, 2009, 2010, 2011, 2012, 2013, 2014, 2015, 2016, 2017, 2018, 2019]",0.4
63,48,False,False,1e-05,1e-05,100,"(0.6, 0.1, 0.3)",48,4,0,3.0,144.0,17.0975,[0.3974],20,"[2000, 2001, 2002, 2003, 2004, 2005, 2006, 2007, 2008, 2009, 2010, 2011, 2012, 2013, 2014, 2015, 2016, 2017, 2018, 2019]",0.45
64,48,False,False,1e-05,1e-05,100,"(0.7, 0.0, 0.3)",0,0,0,1.55,74.4,5.1645,[0.3974],20,"[2000, 2001, 2002, 2003, 2004, 2005, 2006, 2007, 2008, 2009, 2010, 2011, 2012, 2013, 2014, 2015, 2016, 2017, 2018, 2019]",0.3
65,48,False,False,1e-05,1e-05,100,"(0.7, 0.0, 0.3)",0,2,0,1.5,72.0,5.038,[0.3974],20,"[2000, 2001, 2002, 2003, 2004, 2005, 2006, 2007, 2008, 2009, 2010, 2011, 2012, 2013, 2014, 2015, 2016, 2017, 2018, 2019]",0.3
66,48,False,False,1e-05,1e-05,100,"(0.7, 0.0, 0.3)",0,4,0,1.5,72.0,4.9745,[0.3974],20,"[2000, 2001, 2002, 2003, 2004, 2005, 2006, 2007, 2008, 2009, 2010, 2011, 2012, 2013, 2014, 2015, 2016, 2017, 2018, 2019]",0.3
67,48,False,False,1e-05,1e-05,100,"(0.7, 0.3, 0.0)",0,0,0,3.2,153.6,13.354999999999999,[0.3974],20,"[2000, 2001, 2002, 2003, 2004, 2005, 2006, 2007, 2008, 2009, 2010, 2011, 2012, 2013, 2014, 2015, 2016, 2017, 2018, 2019]",0.1
68,48,False,False,1e-05,1e-05,100,"(0.7, 0.3, 0.0)",0,2,0,2.95,141.6,12.4195,[0.3974],20,"[2000, 2001, 2002, 2003, 2004, 2005, 2006, 2007, 2008, 2009, 2010, 2011, 2012, 2013, 2014, 2015, 2016, 2017, 2018, 2019]",0.15
69,48,False,False,1e-05,1e-05,100,"(0.7, 0.3, 0.0)",0,4,0,3.45,165.6,15.619499999999999,[0.3974],20,"[2000, 2001, 2002, 2003, 2004, 2005, 2006, 2007, 2008, 2009, 2010, 2011, 2012, 2013, 2014, 2015, 2016, 2017, 2018, 2019]",0.15
70,48,False,False,1e-05,1e-05,100,"(0.7, 0.3, 0.0)",48,0,0,3.2,153.6,13.162,[0.3974],20,"[2000, 2001, 2002, 2003, 2004, 2005, 2006, 2007, 2008, 2009, 2010, 2011, 2012, 2013, 2014, 2015, 2016, 2017, 2018, 2019]",0.1
71,48,False,False,1e-05,1e-05,100,"(0.7, 0.3, 0.0)",48,2,0,2.95,141.6,12.485,[0.3974],20,"[2000, 2001, 2002, 2003, 2004, 2005, 2006, 2007, 2008, 2009, 2010, 2011, 2012, 2013, 2014, 2015, 2016, 2017, 2018, 2019]",0.15
72,48,False,False,1e-05,1e-05,100,"(0.7, 0.3, 0.0)",48,4,0,3.45,165.6,15.5675,[0.3974],20,"[2000, 2001, 2002, 2003, 2004, 2005, 2006, 2007, 2008, 2009, 2010, 2011, 2012, 2013, 2014, 2015, 2016, 2017, 2018, 2019]",0.15
73,48,False,False,1e-05,1e-05,200,"(0.4, 0.3, 0.3)",0,2,0,4.35,192.8,22.465,[0.4735],20,"[2000, 2001, 2002, 2003, 2004, 2005, 2006, 2007, 2008, 2009, 2010, 2011, 2012, 2013, 2014, 2015, 2016, 2017, 2018, 2019]",0.45
74,48,False,False,1e-05,1e-05,200,"(0.4, 0.3, 0.3)",0,4,0,4.2,185.6,20.91,[0.4735],20,"[2000, 2001, 2002, 2003, 2004, 2005, 2006, 2007, 2008, 2009, 2010, 2011, 2012, 2013, 2014, 2015, 2016, 2017, 2018, 2019]",0.3
75,48,False,False,1e-05,1e-05,200,"(0.4, 0.3, 0.3)",64,2,0,3.9,171.2,18.8595,[0.4735],20,"[2000, 2001, 2002, 2003, 2004, 2005, 2006, 2007, 2008, 2009, 2010, 2011, 2012, 2013, 2014, 2015, 2016, 2017, 2018, 2019]",0.3
76,48,False,False,1e-05,1e-05,200,"(0.4, 0.3, 0.3)",64,4,0,4.2,185.6,21.848999999999997,[0.4735],20,"[2000, 2001, 2002, 2003, 2004, 2005, 2006, 2007, 2008, 2009, 2010, 2011, 2012, 2013, 2014, 2015, 2016, 2017, 2018, 2019]",0.35
77,48,False,False,1e-05,1e-05,200,"(0.5, 0.2, 0.3)",0,0,0,2.7,129.6,13.688999999999998,[0.4102],20,"[2000, 2001, 2002, 2003, 2004, 2005, 2006, 2007, 2008, 2009, 2010, 2011, 2012, 2013, 2014, 2015, 2016, 2017, 2018, 2019]",0.45
78,48,False,False,1e-05,1e-05,200,"(0.5, 0.2, 0.3)",0,2,0,2.75,132.0,14.729,[0.4102],20,"[2000, 2001, 2002, 2003, 2004, 2005, 2006, 2007, 2008, 2009, 2010, 2011, 2012, 2013, 2014, 2015, 2016, 2017, 2018, 2019]",0.4
79,48,False,False,1e-05,1e-05,200,"(0.6, 0.1, 0.3)",0,0,0,1.5,72.0,4.8815,[0.4102],20,"[2000, 2001, 2002, 2003, 2004, 2005, 2006, 2007, 2008, 2009, 2010, 2011, 2012, 2013, 2014, 2015, 2016, 2017, 2018, 2019]",0.35
80,48,False,False,1e-05,1e-05,200,"(0.6, 0.1, 0.3)",0,2,0,1.55,74.4,5.064,[0.4102],20,"[2000, 2001, 2002, 2003, 2004, 2005, 2006, 2007, 2008, 2009, 2010, 2011, 2012, 2013, 2014, 2015, 2016, 2017, 2018, 2019]",0.45
81,48,False,False,1e-05,1e-05,200,"(0.6, 0.1, 0.3)",0,4,0,2.75,132.0,14.7785,[0.4102],20,"[2000, 2001, 2002, 2003, 2004, 2005, 2006, 2007, 2008, 2009, 2010, 2011, 2012, 2013, 2014, 2015, 2016, 2017, 2018, 2019]",0.5
82,48,False,False,1e-05,1e-05,200,"(0.6, 0.1, 0.3)",48,0,0,1.5,72.0,4.976,[0.4102],20,"[2000, 2001, 2002, 2003, 2004, 2005, 2006, 2007, 2008, 2009, 2010, 2011, 2012, 2013, 2014, 2015, 2016, 2017, 2018, 2019]",0.35
83,48,False,False,1e-05,1e-05,200,"(0.6, 0.1, 0.3)",48,2,0,1.55,74.4,5.17,[0.4102],20,"[2000, 2001, 2002, 2003, 2004, 2005, 2006, 2007, 2008, 2009, 2010, 2011, 2012, 2013, 2014, 2015, 2016, 2017, 2018, 2019]",0.45
84,48,False,False,1e-05,1e-05,200,"(0.6, 0.1, 0.3)",48,4,0,2.75,132.0,14.618500000000001,[0.4102],20,"[2000, 2001, 2002, 2003, 2004, 2005, 2006, 2007, 2008, 2009, 2010, 2011, 2012, 2013, 2014, 2015, 2016, 2017, 2018, 2019]",0.5
85,48,False,False,1e-05,1e-05,200,"(0.7, 0.0, 0.3)",0,0,0,1.5,72.0,5.0329999999999995,[0.4102],20,"[2000, 2001, 2002, 2003, 2004, 2005, 2006, 2007, 2008, 2009, 2010, 2011, 2012, 2013, 2014, 2015, 2016, 2017, 2018, 2019]",0.3
86,48,False,False,1e-05,1e-05,200,"(0.7, 0.0, 0.3)",0,2,0,1.45,69.6,4.8225,[0.4102],20,"[2000, 2001, 2002, 2003, 2004, 2005, 2006, 2007, 2008, 2009, 2010, 2011, 2012, 2013, 2014, 2015, 2016, 2017, 2018, 2019]",0.25
87,48,False,False,1e-05,1e-05,200,"(0.7, 0.0, 0.3)",0,4,0,1.45,69.6,4.819,[0.4102],20,"[2000, 2001, 2002, 2003, 2004, 2005, 2006, 2007, 2008, 2009, 2010, 2011, 2012, 2013, 2014, 2015, 2016, 2017, 2018, 2019]",0.25
88,48,False,False,1e-05,1e-05,200,"(0.7, 0.3, 0.0)",0,0,0,2.7,129.6,10.412,[0.4102],20,"[2000, 2001, 2002, 2003, 2004, 2005, 2006, 2007, 2008, 2009, 2010, 2011, 2012, 2013, 2014, 2015, 2016, 2017, 2018, 2019]",0.1
89,48,False,False,1e-05,1e-05,200,"(0.7, 0.3, 0.0)",0,2,0,3.55,170.4,17.496000000000002,[0.4102],20,"[2000, 2001, 2002, 2003, 2004, 2005, 2006, 2007, 2008, 2009, 2010, 2011, 2012, 2013, 2014, 2015, 2016, 2017, 2018, 2019]",0.2
90,48,False,False,1e-05,1e-05,200,"(0.7, 0.3, 0.0)",0,4,0,2.7,129.6,11.0315,[0.4102],20,"[2000, 2001, 2002, 2003, 2004, 2005, 2006, 2007, 2008, 2009, 2010, 2011, 2012, 2013, 2014, 2015, 2016, 2017, 2018, 2019]",0.2
91,48,False,False,1e-05,1e-05,200,"(0.7, 0.3, 0.0)",48,0,0,2.7,129.6,10.2625,[0.4102],20,"[2000, 2001, 2002, 2003, 2004, 2005, 2006, 2007, 2008, 2009, 2010, 2011, 2012, 2013, 2014, 2015, 2016, 2017, 2018, 2019]",0.1
92,48,False,False,1e-05,1e-05,200,"(0.7, 0.3, 0.0)",48,2,0,3.55,170.4,17.6205,[0.4102],20,"[2000, 2001, 2002, 2003, 2004, 2005, 2006, 2007, 2008, 2009, 2010, 2011, 2012, 2013, 2014, 2015, 2016, 2017, 2018, 2019]",0.2
93,48,False,False,1e-05,1e-05,200,"(0.7, 0.3, 0.0)",48,4,0,2.7,129.6,11.064499999999999,[0.4102],20,"[2000, 2001, 2002, 2003, 2004, 2005, 2006, 2007, 2008, 2009, 2010, 2011, 2012, 2013, 2014, 2015, 2016, 2017, 2018, 2019]",0.2
94,48,False,False,1e-05,1e-05,300,"(0.4, 0.3, 0.3)",0,2,0,2.8,118.4,10.8275,[0.4884],20,"[2000, 2001, 2002, 2003, 2004, 2005, 2006, 2007, 2008, 2009, 2010, 2011, 2012, 2013, 2014, 2015, 2016, 2017, 2018, 2019]",0.4
95,48,False,False,1e-05,1e-05,300,"(0.4, 0.3, 0.3)",0,4,0,3.3,142.4,13.6155,[0.4884],20,"[2000, 2001, 2002, 2003, 2004, 2005, 2006, 2007, 2008, 2009, 2010, 2011, 2012, 2013, 2014, 2015, 2016, 2017, 2018, 2019]",0.45
96,48,False,False,1e-05,1e-05,300,"(0.4, 0.3, 0.3)",64,2,0,3.05,130.4,12.219,[0.4884],20,"[2000, 2001, 2002, 2003, 2004, 2005, 2006, 2007, 2008, 2009, 2010, 2011, 2012, 2013, 2014, 2015, 2016, 2017, 2018, 2019]",0.35
97,48,False,False,1e-05,1e-05,300,"(0.4, 0.3, 0.3)",64,4,0,3.5,152.0,17.033,[0.4884],20,"[2000, 2001, 2002, 2003, 2004, 2005, 2006, 2007, 2008, 2009, 2010, 2011, 2012, 2013, 2014, 2015, 2016, 2017, 2018, 2019]",0.45
98,48,False,False,1e-05,1e-05,400,"(0.4, 0.3, 0.3)",0,2,0,3.95,173.6,18.7775,"[0.503, 0.4295]",20,"[2000, 2001, 2002, 2003, 2004, 2005, 2006, 2007, 2008, 2009, 2010, 2011, 2012, 2013, 2014, 2015, 2016, 2017, 2018, 2019]",0.5
99,48,False,False,1e-05,1e-05,400,"(0.4, 0.3, 0.3)",0,4,0,3.9,171.2,18.070500000000003,[0.503],20,"[2000, 2001, 2002, 2003, 2004, 2005, 2006, 2007, 2008, 2009, 2010, 2011, 2012, 2013, 2014, 2015, 2016, 2017, 2018, 2019]",0.5
100,48,False,False,1e-05,1e-05,400,"(0.4, 0.3, 0.3)",64,2,0,3.25,140.0,13.4115,"[0.503, 0.4548]",20,"[2000, 2001, 2002, 2003, 2004, 2005, 2006, 2007, 2008, 2009, 2010, 2011, 2012, 2013, 2014, 2015, 2016, 2017, 2018, 2019]",0.45
101,48,False,False,1e-05,1e-05,400,"(0.4, 0.3, 0.3)",64,4,0,2.95,125.6,11.7425,[0.503],20,"[2000, 2001, 2002, 2003, 2004, 2005, 2006, 2007, 2008, 2009, 2010, 2011, 2012, 2013, 2014, 2015, 2016, 2017, 2018, 2019]",0.35
102,48,False,False,1e-05,1e-05,500,"(0.4, 0.3, 0.3)",0,2,0,3.3,142.4,14.976499999999998,"[0.5101, 0.4498]",20,"[2000, 2001, 2002, 2003, 2004, 2005, 2006, 2007, 2008, 2009, 2010, 2011, 2012, 2013, 2014, 2015, 2016, 2017, 2018, 2019]",0.35
103,48,False,False,1e-05,1e-05,500,"(0.4, 0.3, 0.3)",0,4,0,2.1,84.8,6.9395,"[0.5101, 0.4585]",20,"[2000, 2001, 2002, 2003, 2004, 2005, 2006, 2007, 2008, 2009, 2010, 2011, 2012, 2013, 2014, 2015, 2016, 2017, 2018, 2019]",0.3
104,48,False,False,1e-05,1e-05,500,"(0.4, 0.3, 0.3)",64,2,0,2.9,123.2,11.997499999999999,"[0.5101, 0.477]",20,"[2000, 2001, 2002, 2003, 2004, 2005, 2006, 2007, 2008, 2009, 2010, 2011, 2012, 2013, 2014, 2015, 2016, 2017, 2018, 2019]",0.35
105,48,False,False,1e-05,1e-05,500,"(0.4, 0.3, 0.3)",64,4,0,2.05,82.4,6.6355,"[0.5101, 0.4561]",20,"[2000, 2001, 2002, 2003, 2004, 2005, 2006, 2007, 2008, 2009, 2010, 2011, 2012, 2013, 2014, 2015, 2016, 2017, 2018, 2019]",0.4
106,48,False,False,1e-05,0.0001,0,"(0.5, 0.2, 0.3)",0,0,0,1.85,88.8,6.1715,[0.3891],20,"[2000, 2001, 2002, 2003, 2004, 2005, 2006, 2007, 2008, 2009, 2010, 2011, 2012, 2013, 2014, 2015, 2016, 2017, 2018, 2019]",0.2
107,48,False,False,1e-05,0.0001,0,"(0.5, 0.2, 0.3)",0,2,0,2.1,100.8,7.3015,[0.3891],20,"[2000, 2001, 2002, 2003, 2004, 2005, 2006, 2007, 2008, 2009, 2010, 2011, 2012, 2013, 2014, 2015, 2016, 2017, 2018, 2019]",0.2
108,48,False,False,1e-05,0.0001,0,"(0.6, 0.1, 0.3)",0,0,0,1.75,84.0,5.6735,[0.3891],20,"[2000, 2001, 2002, 2003, 2004, 2005, 2006, 2007, 2008, 2009, 2010, 2011, 2012, 2013, 2014, 2015, 2016, 2017, 2018, 2019]",0.15
109,48,False,False,1e-05,0.0001,0,"(0.6, 0.1, 0.3)",0,2,0,2.0,96.0,6.739,[0.3891],20,"[2000, 2001, 2002, 2003, 2004, 2005, 2006, 2007, 2008, 2009, 2010, 2011, 2012, 2013, 2014, 2015, 2016, 2017, 2018, 2019]",0.1
110,48,False,False,1e-05,0.0001,0,"(0.6, 0.1, 0.3)",0,4,0,2.05,98.4,7.0185,[0.3891],20,"[2000, 2001, 2002, 2003, 2004, 2005, 2006, 2007, 2008, 2009, 2010, 2011, 2012, 2013, 2014, 2015, 2016, 2017, 2018, 2019]",0.15
111,48,False,False,1e-05,0.0001,0,"(0.6, 0.1, 0.3)",48,0,0,1.75,84.0,5.8885,[0.3891],20,"[2000, 2001, 2002, 2003, 2004, 2005, 2006, 2007, 2008, 2009, 2010, 2011, 2012, 2013, 2014, 2015, 2016, 2017, 2018, 2019]",0.15
112,48,False,False,1e-05,0.0001,0,"(0.6, 0.1, 0.3)",48,2,0,2.0,96.0,6.8069999999999995,[0.3891],20,"[2000, 2001, 2002, 2003, 2004, 2005, 2006, 2007, 2008, 2009, 2010, 2011, 2012, 2013, 2014, 2015, 2016, 2017, 2018, 2019]",0.1
113,48,False,False,1e-05,0.0001,0,"(0.6, 0.1, 0.3)",48,4,0,2.05,98.4,7.0545,[0.3891],20,"[2000, 2001, 2002, 2003, 2004, 2005, 2006, 2007, 2008, 2009, 2010, 2011, 2012, 2013, 2014, 2015, 2016, 2017, 2018, 2019]",0.15
114,48,False,False,1e-05,0.0001,0,"(0.7, 0.0, 0.3)",0,0,0,2.1,100.8,7.3,[0.3891],20,"[2000, 2001, 2002, 2003, 2004, 2005, 2006, 2007, 2008, 2009, 2010, 2011, 2012, 2013, 2014, 2015, 2016, 2017, 2018, 2019]",0.2
115,48,False,False,1e-05,0.0001,0,"(0.7, 0.0, 0.3)",0,2,0,2.0,96.0,6.6579999999999995,[0.3891],20,"[2000, 2001, 2002, 2003, 2004, 2005, 2006, 2007, 2008, 2009, 2010, 2011, 2012, 2013, 2014, 2015, 2016, 2017, 2018, 2019]",0.1
116,48,False,False,1e-05,0.0001,0,"(0.7, 0.0, 0.3)",0,4,0,2.05,98.4,7.4965,[0.3891],20,"[2000, 2001, 2002, 2003, 2004, 2005, 2006, 2007, 2008, 2009, 2010, 2011, 2012, 2013, 2014, 2015, 2016, 2017, 2018, 2019]",0.1
117,48,False,False,1e-05,0.0001,0,"(0.7, 0.3, 0.0)",0,0,0,3.3,158.4,12.6935,[0.3891],20,"[2000, 2001, 2002, 2003, 2004, 2005, 2006, 2007, 2008, 2009, 2010, 2011, 2012, 2013, 2014, 2015, 2016, 2017, 2018, 2019]",0.15
118,48,False,False,1e-05,0.0001,0,"(0.7, 0.3, 0.0)",0,2,0,2.85,136.8,10.130500000000001,[0.3891],20,"[2000, 2001, 2002, 2003, 2004, 2005, 2006, 2007, 2008, 2009, 2010, 2011, 2012, 2013, 2014, 2015, 2016, 2017, 2018, 2019]",0.1
119,48,False,False,1e-05,0.0001,0,"(0.7, 0.3, 0.0)",0,4,0,3.15,151.2,11.681000000000001,[0.3891],20,"[2000, 2001, 2002, 2003, 2004, 2005, 2006, 2007, 2008, 2009, 2010, 2011, 2012, 2013, 2014, 2015, 2016, 2017, 2018, 2019]",0.15
120,48,False,False,1e-05,0.0001,0,"(0.7, 0.3, 0.0)",48,0,0,3.3,158.4,12.7215,[0.3891],20,"[2000, 2001, 2002, 2003, 2004, 2005, 2006, 2007, 2008, 2009, 2010, 2011, 2012, 2013, 2014, 2015, 2016, 2017, 2018, 2019]",0.15
121,48,False,False,1e-05,0.0001,0,"(0.7, 0.3, 0.0)",48,2,0,2.85,136.8,10.282,[0.3891],20,"[2000, 2001, 2002, 2003, 2004, 2005, 2006, 2007, 2008, 2009, 2010, 2011, 2012, 2013, 2014, 2015, 2016, 2017, 2018, 2019]",0.1
122,48,False,False,1e-05,0.0001,0,"(0.7, 0.3, 0.0)",48,4,0,3.15,151.2,11.817499999999999,[0.3891],20,"[2000, 2001, 2002, 2003, 2004, 2005, 2006, 2007, 2008, 2009, 2010, 2011, 2012, 2013, 2014, 2015, 2016, 2017, 2018, 2019]",0.15
123,48,False,False,1e-05,0.0001,100,"(0.4, 0.3, 0.3)",0,2,0,1.9,75.2,6.3545,[0.4159],20,"[2000, 2001, 2002, 2003, 2004, 2005, 2006, 2007, 2008, 2009, 2010, 2011, 2012, 2013, 2014, 2015, 2016, 2017, 2018, 2019]",0.2
124,48,False,False,1e-05,0.0001,100,"(0.4, 0.3, 0.3)",0,4,0,2.0,80.0,6.6659999999999995,[0.4159],20,"[2000, 2001, 2002, 2003, 2004, 2005, 2006, 2007, 2008, 2009, 2010, 2011, 2012, 2013, 2014, 2015, 2016, 2017, 2018, 2019]",0.1
125,48,False,False,1e-05,0.0001,100,"(0.4, 0.3, 0.3)",64,2,0,1.6,60.8,5.2315,[0.4159],20,"[2000, 2001, 2002, 2003, 2004, 2005, 2006, 2007, 2008, 2009, 2010, 2011, 2012, 2013, 2014, 2015, 2016, 2017, 2018, 2019]",0.2
126,48,False,False,1e-05,0.0001,100,"(0.4, 0.3, 0.3)",64,4,0,1.75,68.0,5.6485,[0.4159],20,"[2000, 2001, 2002, 2003, 2004, 2005, 2006, 2007, 2008, 2009, 2010, 2011, 2012, 2013, 2014, 2015, 2016, 2017, 2018, 2019]",0.15
127,48,False,False,1e-05,0.0001,100,"(0.5, 0.2, 0.3)",0,0,0,2.1,100.8,7.498,[0.3629],20,"[2000, 2001, 2002, 2003, 2004, 2005, 2006, 2007, 2008, 2009, 2010, 2011, 2012, 2013, 2014, 2015, 2016, 2017, 2018, 2019]",0.15
128,48,False,False,1e-05,0.0001,100,"(0.5, 0.2, 0.3)",0,2,0,2.0,96.0,6.904999999999999,[0.3629],20,"[2000, 2001, 2002, 2003, 2004, 2005, 2006, 2007, 2008, 2009, 2010, 2011, 2012, 2013, 2014, 2015, 2016, 2017, 2018, 2019]",0.15
129,48,False,False,1e-05,0.0001,100,"(0.6, 0.1, 0.3)",0,0,0,1.75,84.0,5.7700000000000005,[0.3629],20,"[2000, 2001, 2002, 2003, 2004, 2005, 2006, 2007, 2008, 2009, 2010, 2011, 2012, 2013, 2014, 2015, 2016, 2017, 2018, 2019]",0.15
130,48,False,False,1e-05,0.0001,100,"(0.6, 0.1, 0.3)",0,2,0,2.05,98.4,7.280500000000001,[0.3629],20,"[2000, 2001, 2002, 2003, 2004, 2005, 2006, 2007, 2008, 2009, 2010, 2011, 2012, 2013, 2014, 2015, 2016, 2017, 2018, 2019]",0.15
131,48,False,False,1e-05,0.0001,100,"(0.6, 0.1, 0.3)",0,4,0,2.1,100.8,7.4719999999999995,[0.3629],20,"[2000, 2001, 2002, 2003, 2004, 2005, 2006, 2007, 2008, 2009, 2010, 2011, 2012, 2013, 2014, 2015, 2016, 2017, 2018, 2019]",0.15
132,48,False,False,1e-05,0.0001,100,"(0.6, 0.1, 0.3)",48,0,0,1.75,84.0,5.8565,[0.3629],20,"[2000, 2001, 2002, 2003, 2004, 2005, 2006, 2007, 2008, 2009, 2010, 2011, 2012, 2013, 2014, 2015, 2016, 2017, 2018, 2019]",0.15
133,48,False,False,1e-05,0.0001,100,"(0.6, 0.1, 0.3)",48,2,0,2.05,98.4,7.393000000000001,[0.3629],20,"[2000, 2001, 2002, 2003, 2004, 2005, 2006, 2007, 2008, 2009, 2010, 2011, 2012, 2013, 2014, 2015, 2016, 2017, 2018, 2019]",0.15
134,48,False,False,1e-05,0.0001,100,"(0.6, 0.1, 0.3)",48,4,0,2.1,100.8,7.5575,[0.3629],20,"[2000, 2001, 2002, 2003, 2004, 2005, 2006, 2007, 2008, 2009, 2010, 2011, 2012, 2013, 2014, 2015, 2016, 2017, 2018, 2019]",0.15
135,48,False,False,1e-05,0.0001,100,"(0.7, 0.0, 0.3)",0,0,0,2.1,100.8,7.580499999999999,[0.3629],20,"[2000, 2001, 2002, 2003, 2004, 2005, 2006, 2007, 2008, 2009, 2010, 2011, 2012, 2013, 2014, 2015, 2016, 2017, 2018, 2019]",0.15
136,48,False,False,1e-05,0.0001,100,"(0.7, 0.0, 0.3)",0,2,0,2.15,103.2,7.6745,[0.3629],20,"[2000, 2001, 2002, 2003, 2004, 2005, 2006, 2007, 2008, 2009, 2010, 2011, 2012, 2013, 2014, 2015, 2016, 2017, 2018, 2019]",0.1
137,48,False,False,1e-05,0.0001,100,"(0.7, 0.0, 0.3)",0,4,0,2.3,110.4,8.932500000000001,[0.3629],20,"[2000, 2001, 2002, 2003, 2004, 2005, 2006, 2007, 2008, 2009, 2010, 2011, 2012, 2013, 2014, 2015, 2016, 2017, 2018, 2019]",0.15
138,48,False,False,1e-05,0.0001,100,"(0.7, 0.3, 0.0)",0,0,0,3.45,165.6,12.493,[0.3629],20,"[2000, 2001, 2002, 2003, 2004, 2005, 2006, 2007, 2008, 2009, 2010, 2011, 2012, 2013, 2014, 2015, 2016, 2017, 2018, 2019]",0.1
139,48,False,False,1e-05,0.0001,100,"(0.7, 0.3, 0.0)",0,2,0,3.3,158.4,11.9025,[0.3629],20,"[2000, 2001, 2002, 2003, 2004, 2005, 2006, 2007, 2008, 2009, 2010, 2011, 2012, 2013, 2014, 2015, 2016, 2017, 2018, 2019]",0.05
140,48,False,False,1e-05,0.0001,100,"(0.7, 0.3, 0.0)",0,4,0,3.3,158.4,12.114999999999998,[0.3629],20,"[2000, 2001, 2002, 2003, 2004, 2005, 2006, 2007, 2008, 2009, 2010, 2011, 2012, 2013, 2014, 2015, 2016, 2017, 2018, 2019]",0.1
141,48,False,False,1e-05,0.0001,100,"(0.7, 0.3, 0.0)",48,0,0,3.45,165.6,12.6585,[0.3629],20,"[2000, 2001, 2002, 2003, 2004, 2005, 2006, 2007, 2008, 2009, 2010, 2011, 2012, 2013, 2014, 2015, 2016, 2017, 2018, 2019]",0.1
142,48,False,False,1e-05,0.0001,100,"(0.7, 0.3, 0.0)",48,2,0,3.3,158.4,12.147,[0.3629],20,"[2000, 2001, 2002, 2003, 2004, 2005, 2006, 2007, 2008, 2009, 2010, 2011, 2012, 2013, 2014, 2015, 2016, 2017, 2018, 2019]",0.05
143,48,False,False,1e-05,0.0001,100,"(0.7, 0.3, 0.0)",48,4,0,3.3,158.4,12.223,[0.3629],20,"[2000, 2001, 2002, 2003, 2004, 2005, 2006, 2007, 2008, 2009, 2010, 2011, 2012, 2013, 2014, 2015, 2016, 2017, 2018, 2019]",0.1
144,48,False,False,1e-05,0.0001,200,"(0.4, 0.3, 0.3)",0,2,0,2.2,89.6,7.4205,[0.418],20,"[2000, 2001, 2002, 2003, 2004, 2005, 2006, 2007, 2008, 2009, 2010, 2011, 2012, 2013, 2014, 2015, 2016, 2017, 2018, 2019]",0.15
145,48,False,False,1e-05,0.0001,200,"(0.4, 0.3, 0.3)",0,4,0,2.35,96.8,8.016,[0.418],20,"[2000, 2001, 2002, 2003, 2004, 2005, 2006, 2007, 2008, 2009, 2010, 2011, 2012, 2013, 2014, 2015, 2016, 2017, 2018, 2019]",0.2
146,48,False,False,1e-05,0.0001,200,"(0.4, 0.3, 0.3)",64,2,0,1.65,63.2,5.386,[0.418],20,"[2000, 2001, 2002, 2003, 2004, 2005, 2006, 2007, 2008, 2009, 2010, 2011, 2012, 2013, 2014, 2015, 2016, 2017, 2018, 2019]",0.15
147,48,False,False,1e-05,0.0001,200,"(0.4, 0.3, 0.3)",64,4,0,1.7,65.6,5.4225,[0.418],20,"[2000, 2001, 2002, 2003, 2004, 2005, 2006, 2007, 2008, 2009, 2010, 2011, 2012, 2013, 2014, 2015, 2016, 2017, 2018, 2019]",0.2
148,48,False,False,1e-05,0.0001,200,"(0.5, 0.2, 0.3)",0,0,0,1.95,93.6,6.781000000000001,[0.3614],20,"[2000, 2001, 2002, 2003, 2004, 2005, 2006, 2007, 2008, 2009, 2010, 2011, 2012, 2013, 2014, 2015, 2016, 2017, 2018, 2019]",0.15
149,48,False,False,1e-05,0.0001,200,"(0.5, 0.2, 0.3)",0,2,0,2.1,100.8,7.5765,[0.3614],20,"[2000, 2001, 2002, 2003, 2004, 2005, 2006, 2007, 2008, 2009, 2010, 2011, 2012, 2013, 2014, 2015, 2016, 2017, 2018, 2019]",0.15
150,48,False,False,1e-05,0.0001,200,"(0.6, 0.1, 0.3)",0,0,0,2.0,96.0,7.0045,[0.3614],20,"[2000, 2001, 2002, 2003, 2004, 2005, 2006, 2007, 2008, 2009, 2010, 2011, 2012, 2013, 2014, 2015, 2016, 2017, 2018, 2019]",0.05
151,48,False,False,1e-05,0.0001,200,"(0.6, 0.1, 0.3)",0,2,0,2.05,98.4,7.5685,[0.3614],20,"[2000, 2001, 2002, 2003, 2004, 2005, 2006, 2007, 2008, 2009, 2010, 2011, 2012, 2013, 2014, 2015, 2016, 2017, 2018, 2019]",0.1
152,48,False,False,1e-05,0.0001,200,"(0.6, 0.1, 0.3)",0,4,0,1.7,81.6,5.7,[0.3614],20,"[2000, 2001, 2002, 2003, 2004, 2005, 2006, 2007, 2008, 2009, 2010, 2011, 2012, 2013, 2014, 2015, 2016, 2017, 2018, 2019]",0.25
153,48,False,False,1e-05,0.0001,200,"(0.6, 0.1, 0.3)",48,0,0,2.0,96.0,6.8565,[0.3614],20,"[2000, 2001, 2002, 2003, 2004, 2005, 2006, 2007, 2008, 2009, 2010, 2011, 2012, 2013, 2014, 2015, 2016, 2017, 2018, 2019]",0.05
154,48,False,False,1e-05,0.0001,200,"(0.6, 0.1, 0.3)",48,2,0,2.05,98.4,7.6215,[0.3614],20,"[2000, 2001, 2002, 2003, 2004, 2005, 2006, 2007, 2008, 2009, 2010, 2011, 2012, 2013, 2014, 2015, 2016, 2017, 2018, 2019]",0.1
155,48,False,False,1e-05,0.0001,200,"(0.6, 0.1, 0.3)",48,4,0,1.7,81.6,5.718500000000001,[0.3614],20,"[2000, 2001, 2002, 2003, 2004, 2005, 2006, 2007, 2008, 2009, 2010, 2011, 2012, 2013, 2014, 2015, 2016, 2017, 2018, 2019]",0.25
156,48,False,False,1e-05,0.0001,200,"(0.7, 0.0, 0.3)",0,0,0,1.9,91.2,6.4845,[0.3614],20,"[2000, 2001, 2002, 2003, 2004, 2005, 2006, 2007, 2008, 2009, 2010, 2011, 2012, 2013, 2014, 2015, 2016, 2017, 2018, 2019]",0.1
157,48,False,False,1e-05,0.0001,200,"(0.7, 0.0, 0.3)",0,2,0,1.9,91.2,6.4905,[0.3614],20,"[2000, 2001, 2002, 2003, 2004, 2005, 2006, 2007, 2008, 2009, 2010, 2011, 2012, 2013, 2014, 2015, 2016, 2017, 2018, 2019]",0.1
158,48,False,False,1e-05,0.0001,200,"(0.7, 0.0, 0.3)",0,4,0,1.95,93.6,6.8545,[0.3614],20,"[2000, 2001, 2002, 2003, 2004, 2005, 2006, 2007, 2008, 2009, 2010, 2011, 2012, 2013, 2014, 2015, 2016, 2017, 2018, 2019]",0.05
159,48,False,False,1e-05,0.0001,200,"(0.7, 0.3, 0.0)",0,0,0,3.0,144.0,11.107,[0.3614],20,"[2000, 2001, 2002, 2003, 2004, 2005, 2006, 2007, 2008, 2009, 2010, 2011, 2012, 2013, 2014, 2015, 2016, 2017, 2018, 2019]",0.2
160,48,False,False,1e-05,0.0001,200,"(0.7, 0.3, 0.0)",0,2,0,3.25,156.0,11.9075,[0.3614],20,"[2000, 2001, 2002, 2003, 2004, 2005, 2006, 2007, 2008, 2009, 2010, 2011, 2012, 2013, 2014, 2015, 2016, 2017, 2018, 2019]",0.15
161,48,False,False,1e-05,0.0001,200,"(0.7, 0.3, 0.0)",0,4,0,3.4,163.2,13.2405,[0.3614],20,"[2000, 2001, 2002, 2003, 2004, 2005, 2006, 2007, 2008, 2009, 2010, 2011, 2012, 2013, 2014, 2015, 2016, 2017, 2018, 2019]",0.05
162,48,False,False,1e-05,0.0001,200,"(0.7, 0.3, 0.0)",48,0,0,3.0,144.0,11.113,[0.3614],20,"[2000, 2001, 2002, 2003, 2004, 2005, 2006, 2007, 2008, 2009, 2010, 2011, 2012, 2013, 2014, 2015, 2016, 2017, 2018, 2019]",0.2
163,48,False,False,1e-05,0.0001,200,"(0.7, 0.3, 0.0)",48,2,0,3.25,156.0,12.206,[0.3614],20,"[2000, 2001, 2002, 2003, 2004, 2005, 2006, 2007, 2008, 2009, 2010, 2011, 2012, 2013, 2014, 2015, 2016, 2017, 2018, 2019]",0.15
164,48,False,False,1e-05,0.0001,200,"(0.7, 0.3, 0.0)",48,4,0,3.4,163.2,13.308000000000002,[0.3614],20,"[2000, 2001, 2002, 2003, 2004, 2005, 2006, 2007, 2008, 2009, 2010, 2011, 2012, 2013, 2014, 2015, 2016, 2017, 2018, 2019]",0.05
165,48,False,False,1e-05,0.0001,300,"(0.4, 0.3, 0.3)",0,2,0,2.25,92.0,7.5565,[0.4167],20,"[2000, 2001, 2002, 2003, 2004, 2005, 2006, 2007, 2008, 2009, 2010, 2011, 2012, 2013, 2014, 2015, 2016, 2017, 2018, 2019]",0.25
166,48,False,False,1e-05,0.0001,300,"(0.4, 0.3, 0.3)",0,4,0,2.55,106.4,9.094,[0.4167],20,"[2000, 2001, 2002, 2003, 2004, 2005, 2006, 2007, 2008, 2009, 2010, 2011, 2012, 2013, 2014, 2015, 2016, 2017, 2018, 2019]",0.2
167,48,False,False,1e-05,0.0001,300,"(0.4, 0.3, 0.3)",64,2,0,1.9,75.2,6.357,[0.4167],20,"[2000, 2001, 2002, 2003, 2004, 2005, 2006, 2007, 2008, 2009, 2010, 2011, 2012, 2013, 2014, 2015, 2016, 2017, 2018, 2019]",0.3
168,48,False,False,1e-05,0.0001,300,"(0.4, 0.3, 0.3)",64,4,0,2.1,84.8,6.9879999999999995,[0.4167],20,"[2000, 2001, 2002, 2003, 2004, 2005, 2006, 2007, 2008, 2009, 2010, 2011, 2012, 2013, 2014, 2015, 2016, 2017, 2018, 2019]",0.2
169,48,False,False,1e-05,0.0001,400,"(0.4, 0.3, 0.3)",0,2,0,2.25,92.0,7.446,"[0.4128, 0.3729]",20,"[2000, 2001, 2002, 2003, 2004, 2005, 2006, 2007, 2008, 2009, 2010, 2011, 2012, 2013, 2014, 2015, 2016, 2017, 2018, 2019]",0.15
170,48,False,False,1e-05,0.0001,400,"(0.4, 0.3, 0.3)",0,4,0,2.4,99.2,8.1135,"[0.4128, 0.3758]",20,"[2000, 2001, 2002, 2003, 2004, 2005, 2006, 2007, 2008, 2009, 2010, 2011, 2012, 2013, 2014, 2015, 2016, 2017, 2018, 2019]",0.25
171,48,False,False,1e-05,0.0001,400,"(0.4, 0.3, 0.3)",64,2,0,1.9,75.2,6.3335,[0.4128],20,"[2000, 2001, 2002, 2003, 2004, 2005, 2006, 2007, 2008, 2009, 2010, 2011, 2012, 2013, 2014, 2015, 2016, 2017, 2018, 2019]",0.1
172,48,False,False,1e-05,0.0001,400,"(0.4, 0.3, 0.3)",64,4,0,1.95,77.6,6.3615,"[0.4128, 0.4768]",20,"[2000, 2001, 2002, 2003, 2004, 2005, 2006, 2007, 2008, 2009, 2010, 2011, 2012, 2013, 2014, 2015, 2016, 2017, 2018, 2019]",0.15
173,48,False,False,1e-05,0.0001,500,"(0.4, 0.3, 0.3)",0,2,0,2.55,106.4,9.4315,[0.4154],20,"[2000, 2001, 2002, 2003, 2004, 2005, 2006, 2007, 2008, 2009, 2010, 2011, 2012, 2013, 2014, 2015, 2016, 2017, 2018, 2019]",0.15
174,48,False,False,1e-05,0.0001,500,"(0.4, 0.3, 0.3)",0,4,0,2.45,101.6,8.477,[0.4154],20,"[2000, 2001, 2002, 2003, 2004, 2005, 2006, 2007, 2008, 2009, 2010, 2011, 2012, 2013, 2014, 2015, 2016, 2017, 2018, 2019]",0.15
175,48,False,False,1e-05,0.0001,500,"(0.4, 0.3, 0.3)",64,2,0,2.1,84.8,6.974500000000001,[0.4154],20,"[2000, 2001, 2002, 2003, 2004, 2005, 2006, 2007, 2008, 2009, 2010, 2011, 2012, 2013, 2014, 2015, 2016, 2017, 2018, 2019]",0.2
176,48,False,False,1e-05,0.0001,500,"(0.4, 0.3, 0.3)",64,4,0,2.05,82.4,6.801,[0.4154],20,"[2000, 2001, 2002, 2003, 2004, 2005, 2006, 2007, 2008, 2009, 2010, 2011, 2012, 2013, 2014, 2015, 2016, 2017, 2018, 2019]",0.15
177,48,False,True,1e-05,1e-05,0,"(0.5, 0.2, 0.3)",0,0,0,2.15,103.2,5.968,[-9.186],20,"[2000, 2001, 2002, 2003, 2004, 2005, 2006, 2007, 2008, 2009, 2010, 2011, 2012, 2013, 2014, 2015, 2016, 2017, 2018, 2019]",0.0
178,48,False,True,1e-05,1e-05,0,"(0.6, 0.1, 0.3)",0,0,0,2.15,103.2,5.9695,[-9.186],20,"[2000, 2001, 2002, 2003, 2004, 2005, 2006, 2007, 2008, 2009, 2010, 2011, 2012, 2013, 2014, 2015, 2016, 2017, 2018, 2019]",0.15
179,48,False,True,1e-05,1e-05,0,"(0.6, 0.1, 0.3)",0,2,0,2.3,110.4,6.6315,[-9.186],20,"[2000, 2001, 2002, 2003, 2004, 2005, 2006, 2007, 2008, 2009, 2010, 2011, 2012, 2013, 2014, 2015, 2016, 2017, 2018, 2019]",0.15
180,48,False,True,1e-05,1e-05,0,"(0.6, 0.1, 0.3)",0,4,0,2.25,108.0,6.447,[-9.186],20,"[2000, 2001, 2002, 2003, 2004, 2005, 2006, 2007, 2008, 2009, 2010, 2011, 2012, 2013, 2014, 2015, 2016, 2017, 2018, 2019]",0.05
181,48,False,True,1e-05,1e-05,0,"(0.6, 0.1, 0.3)",48,0,0,2.15,103.2,5.993,[-9.186],20,"[2000, 2001, 2002, 2003, 2004, 2005, 2006, 2007, 2008, 2009, 2010, 2011, 2012, 2013, 2014, 2015, 2016, 2017, 2018, 2019]",0.15
182,48,False,True,1e-05,1e-05,0,"(0.6, 0.1, 0.3)",48,2,0,2.3,110.4,6.4670000000000005,[-9.186],20,"[2000, 2001, 2002, 2003, 2004, 2005, 2006, 2007, 2008, 2009, 2010, 2011, 2012, 2013, 2014, 2015, 2016, 2017, 2018, 2019]",0.15
183,48,False,True,1e-05,1e-05,0,"(0.6, 0.1, 0.3)",48,4,0,2.25,108.0,6.212,[-9.186],20,"[2000, 2001, 2002, 2003, 2004, 2005, 2006, 2007, 2008, 2009, 2010, 2011, 2012, 2013, 2014, 2015, 2016, 2017, 2018, 2019]",0.05
184,48,False,True,1e-05,1e-05,0,"(0.7, 0.0, 0.3)",0,2,0,2.15,103.2,5.8774999999999995,[-9.186],20,"[2000, 2001, 2002, 2003, 2004, 2005, 2006, 2007, 2008, 2009, 2010, 2011, 2012, 2013, 2014, 2015, 2016, 2017, 2018, 2019]",0.0
185,48,False,True,1e-05,1e-05,0,"(0.7, 0.0, 0.3)",0,4,0,2.15,103.2,6.0085,[-9.186],20,"[2000, 2001, 2002, 2003, 2004, 2005, 2006, 2007, 2008, 2009, 2010, 2011, 2012, 2013, 2014, 2015, 2016, 2017, 2018, 2019]",0.0
186,48,False,True,1e-05,1e-05,0,"(0.7, 0.3, 0.0)",0,0,0,2.05,98.4,5.5600000000000005,[-9.186],20,"[2000, 2001, 2002, 2003, 2004, 2005, 2006, 2007, 2008, 2009, 2010, 2011, 2012, 2013, 2014, 2015, 2016, 2017, 2018, 2019]",0.0
187,48,False,True,1e-05,1e-05,0,"(0.7, 0.3, 0.0)",0,2,0,2.05,98.4,5.583,[-9.186],20,"[2000, 2001, 2002, 2003, 2004, 2005, 2006, 2007, 2008, 2009, 2010, 2011, 2012, 2013, 2014, 2015, 2016, 2017, 2018, 2019]",0.0
188,48,False,True,1e-05,1e-05,0,"(0.7, 0.3, 0.0)",0,4,0,2.35,112.8,6.734,[-9.186],20,"[2000, 2001, 2002, 2003, 2004, 2005, 2006, 2007, 2008, 2009, 2010, 2011, 2012, 2013, 2014, 2015, 2016, 2017, 2018, 2019]",0.0
189,48,False,True,1e-05,1e-05,0,"(0.7, 0.3, 0.0)",48,0,0,2.05,98.4,5.7805,[-9.186],20,"[2000, 2001, 2002, 2003, 2004, 2005, 2006, 2007, 2008, 2009, 2010, 2011, 2012, 2013, 2014, 2015, 2016, 2017, 2018, 2019]",0.0
190,48,False,True,1e-05,1e-05,0,"(0.7, 0.3, 0.0)",48,2,0,2.05,98.4,5.59,[-9.186],20,"[2000, 2001, 2002, 2003, 2004, 2005, 2006, 2007, 2008, 2009, 2010, 2011, 2012, 2013, 2014, 2015, 2016, 2017, 2018, 2019]",0.0
191,48,False,True,1e-05,1e-05,0,"(0.7, 0.3, 0.0)",48,4,0,2.35,112.8,6.7284999999999995,[-9.186],20,"[2000, 2001, 2002, 2003, 2004, 2005, 2006, 2007, 2008, 2009, 2010, 2011, 2012, 2013, 2014, 2015, 2016, 2017, 2018, 2019]",0.0
192,48,False,True,1e-05,1e-05,100,"(0.5, 0.2, 0.3)",0,0,0,1.9,91.2,5.2780000000000005,[-8.6143],20,"[2000, 2001, 2002, 2003, 2004, 2005, 2006, 2007, 2008, 2009, 2010, 2011, 2012, 2013, 2014, 2015, 2016, 2017, 2018, 2019]",0.05
193,48,False,True,1e-05,1e-05,100,"(0.6, 0.1, 0.3)",0,0,0,2.25,108.0,6.3035,[-8.6143],20,"[2000, 2001, 2002, 2003, 2004, 2005, 2006, 2007, 2008, 2009, 2010, 2011, 2012, 2013, 2014, 2015, 2016, 2017, 2018, 2019]",0.05
194,48,False,True,1e-05,1e-05,100,"(0.6, 0.1, 0.3)",0,2,0,2.05,98.4,5.7465,[-8.6143],20,"[2000, 2001, 2002, 2003, 2004, 2005, 2006, 2007, 2008, 2009, 2010, 2011, 2012, 2013, 2014, 2015, 2016, 2017, 2018, 2019]",0.05
195,48,False,True,1e-05,1e-05,100,"(0.6, 0.1, 0.3)",0,4,0,1.9,91.2,5.306,[-8.6143],20,"[2000, 2001, 2002, 2003, 2004, 2005, 2006, 2007, 2008, 2009, 2010, 2011, 2012, 2013, 2014, 2015, 2016, 2017, 2018, 2019]",0.05
196,48,False,True,1e-05,1e-05,100,"(0.6, 0.1, 0.3)",48,0,0,2.25,108.0,6.45,[-8.6143],20,"[2000, 2001, 2002, 2003, 2004, 2005, 2006, 2007, 2008, 2009, 2010, 2011, 2012, 2013, 2014, 2015, 2016, 2017, 2018, 2019]",0.05
197,48,False,True,1e-05,1e-05,100,"(0.6, 0.1, 0.3)",48,2,0,2.05,98.4,5.719,[-8.6143],20,"[2000, 2001, 2002, 2003, 2004, 2005, 2006, 2007, 2008, 2009, 2010, 2011, 2012, 2013, 2014, 2015, 2016, 2017, 2018, 2019]",0.05
198,48,False,True,1e-05,1e-05,100,"(0.6, 0.1, 0.3)",48,4,0,1.9,91.2,5.317,[-8.6143],20,"[2000, 2001, 2002, 2003, 2004, 2005, 2006, 2007, 2008, 2009, 2010, 2011, 2012, 2013, 2014, 2015, 2016, 2017, 2018, 2019]",0.05
199,48,False,True,1e-05,1e-05,100,"(0.7, 0.0, 0.3)",0,2,0,2.1,100.8,5.7705,[-8.6143],20,"[2000, 2001, 2002, 2003, 2004, 2005, 2006, 2007, 2008, 2009, 2010, 2011, 2012, 2013, 2014, 2015, 2016, 2017, 2018, 2019]",0.05
200,48,False,True,1e-05,1e-05,100,"(0.7, 0.0, 0.3)",0,4,0,2.05,98.4,5.8025,[-8.6143],20,"[2000, 2001, 2002, 2003, 2004, 2005, 2006, 2007, 2008, 2009, 2010, 2011, 2012, 2013, 2014, 2015, 2016, 2017, 2018, 2019]",0.1
201,48,False,True,1e-05,1e-05,100,"(0.7, 0.3, 0.0)",0,0,0,2.15,103.2,5.939500000000001,[-8.6143],20,"[2000, 2001, 2002, 2003, 2004, 2005, 2006, 2007, 2008, 2009, 2010, 2011, 2012, 2013, 2014, 2015, 2016, 2017, 2018, 2019]",0.05
202,48,False,True,1e-05,1e-05,100,"(0.7, 0.3, 0.0)",0,2,0,3.2,153.6,12.363499999999998,[-8.6143],20,"[2000, 2001, 2002, 2003, 2004, 2005, 2006, 2007, 2008, 2009, 2010, 2011, 2012, 2013, 2014, 2015, 2016, 2017, 2018, 2019]",0.05
203,48,False,True,1e-05,1e-05,100,"(0.7, 0.3, 0.0)",0,4,0,2.3,110.4,6.4955,[-8.6143],20,"[2000, 2001, 2002, 2003, 2004, 2005, 2006, 2007, 2008, 2009, 2010, 2011, 2012, 2013, 2014, 2015, 2016, 2017, 2018, 2019]",0.0
204,48,False,True,1e-05,1e-05,100,"(0.7, 0.3, 0.0)",48,0,0,2.15,103.2,6.1265,[-8.6143],20,"[2000, 2001, 2002, 2003, 2004, 2005, 2006, 2007, 2008, 2009, 2010, 2011, 2012, 2013, 2014, 2015, 2016, 2017, 2018, 2019]",0.05
205,48,False,True,1e-05,1e-05,100,"(0.7, 0.3, 0.0)",48,2,0,3.2,153.6,12.486500000000001,[-8.6143],20,"[2000, 2001, 2002, 2003, 2004, 2005, 2006, 2007, 2008, 2009, 2010, 2011, 2012, 2013, 2014, 2015, 2016, 2017, 2018, 2019]",0.05
206,48,False,True,1e-05,1e-05,100,"(0.7, 0.3, 0.0)",48,4,0,2.3,110.4,6.566,[-8.6143],20,"[2000, 2001, 2002, 2003, 2004, 2005, 2006, 2007, 2008, 2009, 2010, 2011, 2012, 2013, 2014, 2015, 2016, 2017, 2018, 2019]",0.0
207,48,False,True,1e-05,1e-05,200,"(0.5, 0.2, 0.3)",0,0,0,1.85,88.8,4.9495000000000005,[-8.1107],20,"[2000, 2001, 2002, 2003, 2004, 2005, 2006, 2007, 2008, 2009, 2010, 2011, 2012, 2013, 2014, 2015, 2016, 2017, 2018, 2019]",0.1
208,48,False,True,1e-05,1e-05,200,"(0.6, 0.1, 0.3)",0,0,0,2.0,96.0,5.5305,[-8.1107],20,"[2000, 2001, 2002, 2003, 2004, 2005, 2006, 2007, 2008, 2009, 2010, 2011, 2012, 2013, 2014, 2015, 2016, 2017, 2018, 2019]",0.1
209,48,False,True,1e-05,1e-05,200,"(0.6, 0.1, 0.3)",0,2,0,1.85,88.8,5.0875,[-8.1107],20,"[2000, 2001, 2002, 2003, 2004, 2005, 2006, 2007, 2008, 2009, 2010, 2011, 2012, 2013, 2014, 2015, 2016, 2017, 2018, 2019]",0.15
210,48,False,True,1e-05,1e-05,200,"(0.6, 0.1, 0.3)",0,4,0,1.75,84.0,4.879,[-8.1107],20,"[2000, 2001, 2002, 2003, 2004, 2005, 2006, 2007, 2008, 2009, 2010, 2011, 2012, 2013, 2014, 2015, 2016, 2017, 2018, 2019]",0.1
211,48,False,True,1e-05,1e-05,200,"(0.6, 0.1, 0.3)",48,0,0,2.0,96.0,5.68,[-8.1107],20,"[2000, 2001, 2002, 2003, 2004, 2005, 2006, 2007, 2008, 2009, 2010, 2011, 2012, 2013, 2014, 2015, 2016, 2017, 2018, 2019]",0.1
212,48,False,True,1e-05,1e-05,200,"(0.6, 0.1, 0.3)",48,2,0,1.85,88.8,5.1845,[-8.1107],20,"[2000, 2001, 2002, 2003, 2004, 2005, 2006, 2007, 2008, 2009, 2010, 2011, 2012, 2013, 2014, 2015, 2016, 2017, 2018, 2019]",0.15
213,48,False,True,1e-05,1e-05,200,"(0.6, 0.1, 0.3)",48,4,0,1.75,84.0,4.868,[-8.1107],20,"[2000, 2001, 2002, 2003, 2004, 2005, 2006, 2007, 2008, 2009, 2010, 2011, 2012, 2013, 2014, 2015, 2016, 2017, 2018, 2019]",0.1
214,48,False,True,1e-05,1e-05,200,"(0.7, 0.0, 0.3)",0,2,0,1.9,91.2,5.1955,[-8.1107],20,"[2000, 2001, 2002, 2003, 2004, 2005, 2006, 2007, 2008, 2009, 2010, 2011, 2012, 2013, 2014, 2015, 2016, 2017, 2018, 2019]",0.1
215,48,False,True,1e-05,1e-05,200,"(0.7, 0.0, 0.3)",0,4,0,1.75,84.0,4.769,[-8.1107],20,"[2000, 2001, 2002, 2003, 2004, 2005, 2006, 2007, 2008, 2009, 2010, 2011, 2012, 2013, 2014, 2015, 2016, 2017, 2018, 2019]",0.05
216,48,False,True,1e-05,1e-05,200,"(0.7, 0.3, 0.0)",0,0,0,1.95,93.6,5.294,[-8.1107],20,"[2000, 2001, 2002, 2003, 2004, 2005, 2006, 2007, 2008, 2009, 2010, 2011, 2012, 2013, 2014, 2015, 2016, 2017, 2018, 2019]",0.05
217,48,False,True,1e-05,1e-05,200,"(0.7, 0.3, 0.0)",0,2,0,2.0,96.0,5.4585,[-8.1107],20,"[2000, 2001, 2002, 2003, 2004, 2005, 2006, 2007, 2008, 2009, 2010, 2011, 2012, 2013, 2014, 2015, 2016, 2017, 2018, 2019]",0.05
218,48,False,True,1e-05,1e-05,200,"(0.7, 0.3, 0.0)",0,4,0,2.15,103.2,6.1354999999999995,[-8.1107],20,"[2000, 2001, 2002, 2003, 2004, 2005, 2006, 2007, 2008, 2009, 2010, 2011, 2012, 2013, 2014, 2015, 2016, 2017, 2018, 2019]",0.1
219,48,False,True,1e-05,1e-05,200,"(0.7, 0.3, 0.0)",48,0,0,1.95,93.6,5.5055,[-8.1107],20,"[2000, 2001, 2002, 2003, 2004, 2005, 2006, 2007, 2008, 2009, 2010, 2011, 2012, 2013, 2014, 2015, 2016, 2017, 2018, 2019]",0.05
220,48,False,True,1e-05,1e-05,200,"(0.7, 0.3, 0.0)",48,2,0,2.0,96.0,5.6755,[-8.1107],20,"[2000, 2001, 2002, 2003, 2004, 2005, 2006, 2007, 2008, 2009, 2010, 2011, 2012, 2013, 2014, 2015, 2016, 2017, 2018, 2019]",0.05
221,48,False,True,1e-05,1e-05,200,"(0.7, 0.3, 0.0)",48,4,0,2.15,103.2,6.0865,[-8.1107],20,"[2000, 2001, 2002, 2003, 2004, 2005, 2006, 2007, 2008, 2009, 2010, 2011, 2012, 2013, 2014, 2015, 2016, 2017, 2018, 2019]",0.1
222,48,False,True,1e-05,0.0001,0,"(0.5, 0.2, 0.3)",0,0,0,2.1,100.8,5.96,[0.398],20,"[2000, 2001, 2002, 2003, 2004, 2005, 2006, 2007, 2008, 2009, 2010, 2011, 2012, 2013, 2014, 2015, 2016, 2017, 2018, 2019]",0.2
223,48,False,True,1e-05,0.0001,0,"(0.6, 0.1, 0.3)",0,0,0,2.15,103.2,6.0355,[0.398],20,"[2000, 2001, 2002, 2003, 2004, 2005, 2006, 2007, 2008, 2009, 2010, 2011, 2012, 2013, 2014, 2015, 2016, 2017, 2018, 2019]",0.15
224,48,False,True,1e-05,0.0001,0,"(0.6, 0.1, 0.3)",0,2,0,2.2,105.6,6.2155000000000005,[0.398],20,"[2000, 2001, 2002, 2003, 2004, 2005, 2006, 2007, 2008, 2009, 2010, 2011, 2012, 2013, 2014, 2015, 2016, 2017, 2018, 2019]",0.1
225,48,False,True,1e-05,0.0001,0,"(0.6, 0.1, 0.3)",0,4,0,2.1,100.8,5.943,[0.398],20,"[2000, 2001, 2002, 2003, 2004, 2005, 2006, 2007, 2008, 2009, 2010, 2011, 2012, 2013, 2014, 2015, 2016, 2017, 2018, 2019]",0.15
226,48,False,True,1e-05,0.0001,0,"(0.6, 0.1, 0.3)",48,0,0,2.15,103.2,5.9945,[0.398],20,"[2000, 2001, 2002, 2003, 2004, 2005, 2006, 2007, 2008, 2009, 2010, 2011, 2012, 2013, 2014, 2015, 2016, 2017, 2018, 2019]",0.15
227,48,False,True,1e-05,0.0001,0,"(0.6, 0.1, 0.3)",48,2,0,2.2,105.6,6.1915,[0.398],20,"[2000, 2001, 2002, 2003, 2004, 2005, 2006, 2007, 2008, 2009, 2010, 2011, 2012, 2013, 2014, 2015, 2016, 2017, 2018, 2019]",0.1
228,48,False,True,1e-05,0.0001,0,"(0.6, 0.1, 0.3)",48,4,0,2.1,100.8,5.7705,[0.398],20,"[2000, 2001, 2002, 2003, 2004, 2005, 2006, 2007, 2008, 2009, 2010, 2011, 2012, 2013, 2014, 2015, 2016, 2017, 2018, 2019]",0.15
229,48,False,True,1e-05,0.0001,0,"(0.7, 0.0, 0.3)",0,2,0,2.25,108.0,6.42,[0.398],20,"[2000, 2001, 2002, 2003, 2004, 2005, 2006, 2007, 2008, 2009, 2010, 2011, 2012, 2013, 2014, 2015, 2016, 2017, 2018, 2019]",0.1
230,48,False,True,1e-05,0.0001,0,"(0.7, 0.0, 0.3)",0,4,0,2.35,112.8,6.656499999999999,[0.398],20,"[2000, 2001, 2002, 2003, 2004, 2005, 2006, 2007, 2008, 2009, 2010, 2011, 2012, 2013, 2014, 2015, 2016, 2017, 2018, 2019]",0.15
231,48,False,True,1e-05,0.0001,0,"(0.7, 0.3, 0.0)",0,0,0,2.75,132.0,7.7505,[0.398],20,"[2000, 2001, 2002, 2003, 2004, 2005, 2006, 2007, 2008, 2009, 2010, 2011, 2012, 2013, 2014, 2015, 2016, 2017, 2018, 2019]",0.15
232,48,False,True,1e-05,0.0001,0,"(0.7, 0.3, 0.0)",0,2,0,3.1,148.8,8.9875,[0.398],20,"[2000, 2001, 2002, 2003, 2004, 2005, 2006, 2007, 2008, 2009, 2010, 2011, 2012, 2013, 2014, 2015, 2016, 2017, 2018, 2019]",0.15
233,48,False,True,1e-05,0.0001,0,"(0.7, 0.3, 0.0)",0,4,0,3.15,151.2,9.4145,[0.398],20,"[2000, 2001, 2002, 2003, 2004, 2005, 2006, 2007, 2008, 2009, 2010, 2011, 2012, 2013, 2014, 2015, 2016, 2017, 2018, 2019]",0.1
234,48,False,True,1e-05,0.0001,0,"(0.7, 0.3, 0.0)",48,0,0,2.75,132.0,7.772,[0.398],20,"[2000, 2001, 2002, 2003, 2004, 2005, 2006, 2007, 2008, 2009, 2010, 2011, 2012, 2013, 2014, 2015, 2016, 2017, 2018, 2019]",0.15
235,48,False,True,1e-05,0.0001,0,"(0.7, 0.3, 0.0)",48,2,0,3.1,148.8,9.01,[0.398],20,"[2000, 2001, 2002, 2003, 2004, 2005, 2006, 2007, 2008, 2009, 2010, 2011, 2012, 2013, 2014, 2015, 2016, 2017, 2018, 2019]",0.15
236,48,False,True,1e-05,0.0001,0,"(0.7, 0.3, 0.0)",48,4,0,3.15,151.2,9.2735,[0.398],20,"[2000, 2001, 2002, 2003, 2004, 2005, 2006, 2007, 2008, 2009, 2010, 2011, 2012, 2013, 2014, 2015, 2016, 2017, 2018, 2019]",0.1
237,48,False,True,1e-05,0.0001,100,"(0.5, 0.2, 0.3)",0,0,0,2.05,98.4,5.6505,[0.3918],20,"[2000, 2001, 2002, 2003, 2004, 2005, 2006, 2007, 2008, 2009, 2010, 2011, 2012, 2013, 2014, 2015, 2016, 2017, 2018, 2019]",0.2
238,48,False,True,1e-05,0.0001,100,"(0.6, 0.1, 0.3)",0,0,0,1.95,93.6,5.514,[0.3918],20,"[2000, 2001, 2002, 2003, 2004, 2005, 2006, 2007, 2008, 2009, 2010, 2011, 2012, 2013, 2014, 2015, 2016, 2017, 2018, 2019]",0.15
239,48,False,True,1e-05,0.0001,100,"(0.6, 0.1, 0.3)",0,2,0,2.0,96.0,5.646,[0.3918],20,"[2000, 2001, 2002, 2003, 2004, 2005, 2006, 2007, 2008, 2009, 2010, 2011, 2012, 2013, 2014, 2015, 2016, 2017, 2018, 2019]",0.1
240,48,False,True,1e-05,0.0001,100,"(0.6, 0.1, 0.3)",0,4,0,2.25,108.0,6.452,[0.3918],20,"[2000, 2001, 2002, 2003, 2004, 2005, 2006, 2007, 2008, 2009, 2010, 2011, 2012, 2013, 2014, 2015, 2016, 2017, 2018, 2019]",0.15
241,48,False,True,1e-05,0.0001,100,"(0.6, 0.1, 0.3)",48,0,0,1.95,93.6,5.3045,[0.3918],20,"[2000, 2001, 2002, 2003, 2004, 2005, 2006, 2007, 2008, 2009, 2010, 2011, 2012, 2013, 2014, 2015, 2016, 2017, 2018, 2019]",0.15
242,48,False,True,1e-05,0.0001,100,"(0.6, 0.1, 0.3)",48,2,0,2.0,96.0,5.476,[0.3918],20,"[2000, 2001, 2002, 2003, 2004, 2005, 2006, 2007, 2008, 2009, 2010, 2011, 2012, 2013, 2014, 2015, 2016, 2017, 2018, 2019]",0.1
243,48,False,True,1e-05,0.0001,100,"(0.6, 0.1, 0.3)",48,4,0,2.25,108.0,6.3525,[0.3918],20,"[2000, 2001, 2002, 2003, 2004, 2005, 2006, 2007, 2008, 2009, 2010, 2011, 2012, 2013, 2014, 2015, 2016, 2017, 2018, 2019]",0.15
244,48,False,True,1e-05,0.0001,100,"(0.7, 0.0, 0.3)",0,2,0,2.25,108.0,6.3785,[0.3918],20,"[2000, 2001, 2002, 2003, 2004, 2005, 2006, 2007, 2008, 2009, 2010, 2011, 2012, 2013, 2014, 2015, 2016, 2017, 2018, 2019]",0.1
245,48,False,True,1e-05,0.0001,100,"(0.7, 0.0, 0.3)",0,4,0,2.3,110.4,6.4935,[0.3918],20,"[2000, 2001, 2002, 2003, 2004, 2005, 2006, 2007, 2008, 2009, 2010, 2011, 2012, 2013, 2014, 2015, 2016, 2017, 2018, 2019]",0.1
246,48,False,True,1e-05,0.0001,100,"(0.7, 0.3, 0.0)",0,0,0,2.6,124.8,7.356,[0.3918],20,"[2000, 2001, 2002, 2003, 2004, 2005, 2006, 2007, 2008, 2009, 2010, 2011, 2012, 2013, 2014, 2015, 2016, 2017, 2018, 2019]",0.1
247,48,False,True,1e-05,0.0001,100,"(0.7, 0.3, 0.0)",0,2,0,2.65,127.2,7.4254999999999995,[0.3918],20,"[2000, 2001, 2002, 2003, 2004, 2005, 2006, 2007, 2008, 2009, 2010, 2011, 2012, 2013, 2014, 2015, 2016, 2017, 2018, 2019]",0.1
248,48,False,True,1e-05,0.0001,100,"(0.7, 0.3, 0.0)",0,4,0,2.8,134.4,8.229,[0.3918],20,"[2000, 2001, 2002, 2003, 2004, 2005, 2006, 2007, 2008, 2009, 2010, 2011, 2012, 2013, 2014, 2015, 2016, 2017, 2018, 2019]",0.1
249,48,False,True,1e-05,0.0001,100,"(0.7, 0.3, 0.0)",48,0,0,2.6,124.8,7.3454999999999995,[0.3918],20,"[2000, 2001, 2002, 2003, 2004, 2005, 2006, 2007, 2008, 2009, 2010, 2011, 2012, 2013, 2014, 2015, 2016, 2017, 2018, 2019]",0.1
250,48,False,True,1e-05,0.0001,100,"(0.7, 0.3, 0.0)",48,2,0,2.65,127.2,7.602499999999999,[0.3918],20,"[2000, 2001, 2002, 2003, 2004, 2005, 2006, 2007, 2008, 2009, 2010, 2011, 2012, 2013, 2014, 2015, 2016, 2017, 2018, 2019]",0.1
251,48,False,True,1e-05,0.0001,100,"(0.7, 0.3, 0.0)",48,4,0,2.8,134.4,8.2255,[0.3918],20,"[2000, 2001, 2002, 2003, 2004, 2005, 2006, 2007, 2008, 2009, 2010, 2011, 2012, 2013, 2014, 2015, 2016, 2017, 2018, 2019]",0.1
252,48,False,True,1e-05,0.0001,200,"(0.5, 0.2, 0.3)",0,0,0,2.0,96.0,5.598000000000001,[0.3802],20,"[2000, 2001, 2002, 2003, 2004, 2005, 2006, 2007, 2008, 2009, 2010, 2011, 2012, 2013, 2014, 2015, 2016, 2017, 2018, 2019]",0.1
253,48,False,True,1e-05,0.0001,200,"(0.6, 0.1, 0.3)",0,0,0,2.3,110.4,6.632000000000001,[0.3802],20,"[2000, 2001, 2002, 2003, 2004, 2005, 2006, 2007, 2008, 2009, 2010, 2011, 2012, 2013, 2014, 2015, 2016, 2017, 2018, 2019]",0.15
254,48,False,True,1e-05,0.0001,200,"(0.6, 0.1, 0.3)",0,2,0,2.25,108.0,6.443,[0.3802],20,"[2000, 2001, 2002, 2003, 2004, 2005, 2006, 2007, 2008, 2009, 2010, 2011, 2012, 2013, 2014, 2015, 2016, 2017, 2018, 2019]",0.15
255,48,False,True,1e-05,0.0001,200,"(0.6, 0.1, 0.3)",0,4,0,2.05,98.4,5.819000000000001,[0.3802],20,"[2000, 2001, 2002, 2003, 2004, 2005, 2006, 2007, 2008, 2009, 2010, 2011, 2012, 2013, 2014, 2015, 2016, 2017, 2018, 2019]",0.1
256,48,False,True,1e-05,0.0001,200,"(0.6, 0.1, 0.3)",48,0,0,2.3,110.4,6.554,[0.3802],20,"[2000, 2001, 2002, 2003, 2004, 2005, 2006, 2007, 2008, 2009, 2010, 2011, 2012, 2013, 2014, 2015, 2016, 2017, 2018, 2019]",0.15
257,48,False,True,1e-05,0.0001,200,"(0.6, 0.1, 0.3)",48,2,0,2.25,108.0,6.4254999999999995,[0.3802],20,"[2000, 2001, 2002, 2003, 2004, 2005, 2006, 2007, 2008, 2009, 2010, 2011, 2012, 2013, 2014, 2015, 2016, 2017, 2018, 2019]",0.15
258,48,False,True,1e-05,0.0001,200,"(0.6, 0.1, 0.3)",48,4,0,2.05,98.4,5.754,[0.3802],20,"[2000, 2001, 2002, 2003, 2004, 2005, 2006, 2007, 2008, 2009, 2010, 2011, 2012, 2013, 2014, 2015, 2016, 2017, 2018, 2019]",0.1
259,48,False,True,1e-05,0.0001,200,"(0.7, 0.0, 0.3)",0,2,0,2.1,100.8,5.857,[0.3802],20,"[2000, 2001, 2002, 2003, 2004, 2005, 2006, 2007, 2008, 2009, 2010, 2011, 2012, 2013, 2014, 2015, 2016, 2017, 2018, 2019]",0.2
260,48,False,True,1e-05,0.0001,200,"(0.7, 0.0, 0.3)",0,4,0,2.1,100.8,5.8534999999999995,[0.3802],20,"[2000, 2001, 2002, 2003, 2004, 2005, 2006, 2007, 2008, 2009, 2010, 2011, 2012, 2013, 2014, 2015, 2016, 2017, 2018, 2019]",0.15
261,48,False,True,1e-05,0.0001,200,"(0.7, 0.3, 0.0)",0,0,0,2.55,122.4,7.1819999999999995,[0.3802],20,"[2000, 2001, 2002, 2003, 2004, 2005, 2006, 2007, 2008, 2009, 2010, 2011, 2012, 2013, 2014, 2015, 2016, 2017, 2018, 2019]",0.05
262,48,False,True,1e-05,0.0001,200,"(0.7, 0.3, 0.0)",0,2,0,2.6,124.8,7.3755,[0.3802],20,"[2000, 2001, 2002, 2003, 2004, 2005, 2006, 2007, 2008, 2009, 2010, 2011, 2012, 2013, 2014, 2015, 2016, 2017, 2018, 2019]",0.05
263,48,False,True,1e-05,0.0001,200,"(0.7, 0.3, 0.0)",0,4,0,2.6,124.8,7.583499999999999,[0.3802],20,"[2000, 2001, 2002, 2003, 2004, 2005, 2006, 2007, 2008, 2009, 2010, 2011, 2012, 2013, 2014, 2015, 2016, 2017, 2018, 2019]",0.1
264,48,False,True,1e-05,0.0001,200,"(0.7, 0.3, 0.0)",48,0,0,2.55,122.4,7.1065,[0.3802],20,"[2000, 2001, 2002, 2003, 2004, 2005, 2006, 2007, 2008, 2009, 2010, 2011, 2012, 2013, 2014, 2015, 2016, 2017, 2018, 2019]",0.05
265,48,False,True,1e-05,0.0001,200,"(0.7, 0.3, 0.0)",48,2,0,2.6,124.8,7.443,[0.3802],20,"[2000, 2001, 2002, 2003, 2004, 2005, 2006, 2007, 2008, 2009, 2010, 2011, 2012, 2013, 2014, 2015, 2016, 2017, 2018, 2019]",0.05
266,48,False,True,1e-05,0.0001,200,"(0.7, 0.3, 0.0)",48,4,0,2.6,124.8,7.589,[0.3802],20,"[2000, 2001, 2002, 2003, 2004, 2005, 2006, 2007, 2008, 2009, 2010, 2011, 2012, 2013, 2014, 2015, 2016, 2017, 2018, 2019]",0.1
267,48,True,False,1e-05,1e-05,0,"(0.5, 0.2, 0.3)",0,0,0,3.3,158.4,12.157,[0.0467],20,"[2000, 2001, 2002, 2003, 2004, 2005, 2006, 2007, 2008, 2009, 2010, 2011, 2012, 2013, 2014, 2015, 2016, 2017, 2018, 2019]",0.05
268,48,True,False,1e-05,1e-05,0,"(0.6, 0.1, 0.3)",0,0,0,3.45,165.6,13.706999999999999,[0.0467],20,"[2000, 2001, 2002, 2003, 2004, 2005, 2006, 2007, 2008, 2009, 2010, 2011, 2012, 2013, 2014, 2015, 2016, 2017, 2018, 2019]",0.05
269,48,True,False,1e-05,1e-05,0,"(0.6, 0.1, 0.3)",0,2,0,3.25,156.0,11.9095,[0.0467],20,"[2000, 2001, 2002, 2003, 2004, 2005, 2006, 2007, 2008, 2009, 2010, 2011, 2012, 2013, 2014, 2015, 2016, 2017, 2018, 2019]",0.05
270,48,True,False,1e-05,1e-05,0,"(0.6, 0.1, 0.3)",0,4,0,3.15,151.2,11.1455,[0.0467],20,"[2000, 2001, 2002, 2003, 2004, 2005, 2006, 2007, 2008, 2009, 2010, 2011, 2012, 2013, 2014, 2015, 2016, 2017, 2018, 2019]",0.05
271,48,True,False,1e-05,1e-05,0,"(0.6, 0.1, 0.3)",48,0,0,3.45,165.6,13.765,[0.0467],20,"[2000, 2001, 2002, 2003, 2004, 2005, 2006, 2007, 2008, 2009, 2010, 2011, 2012, 2013, 2014, 2015, 2016, 2017, 2018, 2019]",0.05
272,48,True,False,1e-05,1e-05,0,"(0.6, 0.1, 0.3)",48,2,0,3.25,156.0,11.769,[0.0467],20,"[2000, 2001, 2002, 2003, 2004, 2005, 2006, 2007, 2008, 2009, 2010, 2011, 2012, 2013, 2014, 2015, 2016, 2017, 2018, 2019]",0.05
273,48,True,False,1e-05,1e-05,0,"(0.6, 0.1, 0.3)",48,4,0,3.15,151.2,11.453,[0.0467],20,"[2000, 2001, 2002, 2003, 2004, 2005, 2006, 2007, 2008, 2009, 2010, 2011, 2012, 2013, 2014, 2015, 2016, 2017, 2018, 2019]",0.05
274,48,True,False,1e-05,1e-05,0,"(0.7, 0.0, 0.3)",0,2,0,3.0,144.0,12.1945,[0.0467],20,"[2000, 2001, 2002, 2003, 2004, 2005, 2006, 2007, 2008, 2009, 2010, 2011, 2012, 2013, 2014, 2015, 2016, 2017, 2018, 2019]",0.05
275,48,True,False,1e-05,1e-05,0,"(0.7, 0.0, 0.3)",0,4,0,3.25,156.0,12.033000000000001,[0.0467],20,"[2000, 2001, 2002, 2003, 2004, 2005, 2006, 2007, 2008, 2009, 2010, 2011, 2012, 2013, 2014, 2015, 2016, 2017, 2018, 2019]",0.05
276,48,True,False,1e-05,1e-05,0,"(0.7, 0.3, 0.0)",0,0,0,4.0,192.0,14.875499999999999,[0.0467],20,"[2000, 2001, 2002, 2003, 2004, 2005, 2006, 2007, 2008, 2009, 2010, 2011, 2012, 2013, 2014, 2015, 2016, 2017, 2018, 2019]",0.05
277,48,True,False,1e-05,1e-05,0,"(0.7, 0.3, 0.0)",0,2,0,3.65,175.2,13.562999999999999,[0.0467],20,"[2000, 2001, 2002, 2003, 2004, 2005, 2006, 2007, 2008, 2009, 2010, 2011, 2012, 2013, 2014, 2015, 2016, 2017, 2018, 2019]",0.05
278,48,True,False,1e-05,1e-05,0,"(0.7, 0.3, 0.0)",0,4,0,3.95,189.6,15.244499999999999,[0.0467],20,"[2000, 2001, 2002, 2003, 2004, 2005, 2006, 2007, 2008, 2009, 2010, 2011, 2012, 2013, 2014, 2015, 2016, 2017, 2018, 2019]",0.05
279,48,True,False,1e-05,1e-05,0,"(0.7, 0.3, 0.0)",48,0,0,4.0,192.0,15.0625,[0.0467],20,"[2000, 2001, 2002, 2003, 2004, 2005, 2006, 2007, 2008, 2009, 2010, 2011, 2012, 2013, 2014, 2015, 2016, 2017, 2018, 2019]",0.05
280,48,True,False,1e-05,1e-05,0,"(0.7, 0.3, 0.0)",48,2,0,3.65,175.2,13.547999999999998,[0.0467],20,"[2000, 2001, 2002, 2003, 2004, 2005, 2006, 2007, 2008, 2009, 2010, 2011, 2012, 2013, 2014, 2015, 2016, 2017, 2018, 2019]",0.05
281,48,True,False,1e-05,1e-05,0,"(0.7, 0.3, 0.0)",48,4,0,3.95,189.6,15.229,[0.0467],20,"[2000, 2001, 2002, 2003, 2004, 2005, 2006, 2007, 2008, 2009, 2010, 2011, 2012, 2013, 2014, 2015, 2016, 2017, 2018, 2019]",0.05
282,48,True,False,1e-05,1e-05,100,"(0.5, 0.2, 0.3)",0,0,0,2.65,127.2,9.1125,[0.1958],20,"[2000, 2001, 2002, 2003, 2004, 2005, 2006, 2007, 2008, 2009, 2010, 2011, 2012, 2013, 2014, 2015, 2016, 2017, 2018, 2019]",0.05
283,48,True,False,1e-05,1e-05,100,"(0.6, 0.1, 0.3)",0,0,0,3.1,148.8,11.013,[0.1958],20,"[2000, 2001, 2002, 2003, 2004, 2005, 2006, 2007, 2008, 2009, 2010, 2011, 2012, 2013, 2014, 2015, 2016, 2017, 2018, 2019]",0.05
284,48,True,False,1e-05,1e-05,100,"(0.6, 0.1, 0.3)",0,2,0,3.5,168.0,13.962,[0.1958],20,"[2000, 2001, 2002, 2003, 2004, 2005, 2006, 2007, 2008, 2009, 2010, 2011, 2012, 2013, 2014, 2015, 2016, 2017, 2018, 2019]",0.05
285,48,True,False,1e-05,1e-05,100,"(0.6, 0.1, 0.3)",0,4,0,3.35,160.8,12.828,[0.1958],20,"[2000, 2001, 2002, 2003, 2004, 2005, 2006, 2007, 2008, 2009, 2010, 2011, 2012, 2013, 2014, 2015, 2016, 2017, 2018, 2019]",0.05
286,48,True,False,1e-05,1e-05,100,"(0.6, 0.1, 0.3)",48,0,0,3.1,148.8,11.2745,[0.1958],20,"[2000, 2001, 2002, 2003, 2004, 2005, 2006, 2007, 2008, 2009, 2010, 2011, 2012, 2013, 2014, 2015, 2016, 2017, 2018, 2019]",0.05
287,48,True,False,1e-05,1e-05,100,"(0.6, 0.1, 0.3)",48,2,0,3.5,168.0,14.0675,[0.1958],20,"[2000, 2001, 2002, 2003, 2004, 2005, 2006, 2007, 2008, 2009, 2010, 2011, 2012, 2013, 2014, 2015, 2016, 2017, 2018, 2019]",0.05
288,48,True,False,1e-05,1e-05,100,"(0.6, 0.1, 0.3)",48,4,0,3.35,160.8,12.930000000000001,[0.1958],20,"[2000, 2001, 2002, 2003, 2004, 2005, 2006, 2007, 2008, 2009, 2010, 2011, 2012, 2013, 2014, 2015, 2016, 2017, 2018, 2019]",0.05
289,48,True,False,1e-05,1e-05,100,"(0.7, 0.0, 0.3)",0,2,0,3.6,172.8,13.846,[0.1958],20,"[2000, 2001, 2002, 2003, 2004, 2005, 2006, 2007, 2008, 2009, 2010, 2011, 2012, 2013, 2014, 2015, 2016, 2017, 2018, 2019]",0.05
290,48,True,False,1e-05,1e-05,100,"(0.7, 0.0, 0.3)",0,4,0,3.15,151.2,10.982,[0.1958],20,"[2000, 2001, 2002, 2003, 2004, 2005, 2006, 2007, 2008, 2009, 2010, 2011, 2012, 2013, 2014, 2015, 2016, 2017, 2018, 2019]",0.05
291,48,True,False,1e-05,1e-05,100,"(0.7, 0.3, 0.0)",0,0,0,3.3,158.4,11.962,[0.1958],20,"[2000, 2001, 2002, 2003, 2004, 2005, 2006, 2007, 2008, 2009, 2010, 2011, 2012, 2013, 2014, 2015, 2016, 2017, 2018, 2019]",0.05
292,48,True,False,1e-05,1e-05,100,"(0.7, 0.3, 0.0)",0,2,0,3.5,168.0,12.3035,[0.1958],20,"[2000, 2001, 2002, 2003, 2004, 2005, 2006, 2007, 2008, 2009, 2010, 2011, 2012, 2013, 2014, 2015, 2016, 2017, 2018, 2019]",0.05
293,48,True,False,1e-05,1e-05,100,"(0.7, 0.3, 0.0)",0,4,0,3.6,172.8,12.6485,[0.1958],20,"[2000, 2001, 2002, 2003, 2004, 2005, 2006, 2007, 2008, 2009, 2010, 2011, 2012, 2013, 2014, 2015, 2016, 2017, 2018, 2019]",0.05
294,48,True,False,1e-05,1e-05,100,"(0.7, 0.3, 0.0)",48,0,0,3.3,158.4,12.1,[0.1958],20,"[2000, 2001, 2002, 2003, 2004, 2005, 2006, 2007, 2008, 2009, 2010, 2011, 2012, 2013, 2014, 2015, 2016, 2017, 2018, 2019]",0.05
295,48,True,False,1e-05,1e-05,100,"(0.7, 0.3, 0.0)",48,2,0,3.5,168.0,12.361,[0.1958],20,"[2000, 2001, 2002, 2003, 2004, 2005, 2006, 2007, 2008, 2009, 2010, 2011, 2012, 2013, 2014, 2015, 2016, 2017, 2018, 2019]",0.05
296,48,True,False,1e-05,1e-05,100,"(0.7, 0.3, 0.0)",48,4,0,3.6,172.8,12.913,[0.1958],20,"[2000, 2001, 2002, 2003, 2004, 2005, 2006, 2007, 2008, 2009, 2010, 2011, 2012, 2013, 2014, 2015, 2016, 2017, 2018, 2019]",0.05
297,48,True,False,1e-05,1e-05,200,"(0.5, 0.2, 0.3)",0,0,0,3.5,168.0,13.322999999999999,[0.22],20,"[2000, 2001, 2002, 2003, 2004, 2005, 2006, 2007, 2008, 2009, 2010, 2011, 2012, 2013, 2014, 2015, 2016, 2017, 2018, 2019]",0.05
298,48,True,False,1e-05,1e-05,200,"(0.6, 0.1, 0.3)",0,0,0,3.5,168.0,12.8285,[0.22],20,"[2000, 2001, 2002, 2003, 2004, 2005, 2006, 2007, 2008, 2009, 2010, 2011, 2012, 2013, 2014, 2015, 2016, 2017, 2018, 2019]",0.15
299,48,True,False,1e-05,1e-05,200,"(0.6, 0.1, 0.3)",0,2,0,3.6,172.8,13.630500000000001,[0.22],20,"[2000, 2001, 2002, 2003, 2004, 2005, 2006, 2007, 2008, 2009, 2010, 2011, 2012, 2013, 2014, 2015, 2016, 2017, 2018, 2019]",0.15
300,48,True,False,1e-05,1e-05,200,"(0.6, 0.1, 0.3)",0,4,0,3.35,160.8,12.5795,[0.22],20,"[2000, 2001, 2002, 2003, 2004, 2005, 2006, 2007, 2008, 2009, 2010, 2011, 2012, 2013, 2014, 2015, 2016, 2017, 2018, 2019]",0.15
301,48,True,False,1e-05,1e-05,200,"(0.6, 0.1, 0.3)",48,0,0,3.5,168.0,12.7705,[0.22],20,"[2000, 2001, 2002, 2003, 2004, 2005, 2006, 2007, 2008, 2009, 2010, 2011, 2012, 2013, 2014, 2015, 2016, 2017, 2018, 2019]",0.15
302,48,True,False,1e-05,1e-05,200,"(0.6, 0.1, 0.3)",48,2,0,3.6,172.8,13.631499999999999,[0.22],20,"[2000, 2001, 2002, 2003, 2004, 2005, 2006, 2007, 2008, 2009, 2010, 2011, 2012, 2013, 2014, 2015, 2016, 2017, 2018, 2019]",0.15
303,48,True,False,1e-05,1e-05,200,"(0.6, 0.1, 0.3)",48,4,0,3.35,160.8,12.659500000000001,[0.22],20,"[2000, 2001, 2002, 2003, 2004, 2005, 2006, 2007, 2008, 2009, 2010, 2011, 2012, 2013, 2014, 2015, 2016, 2017, 2018, 2019]",0.15
304,48,True,False,1e-05,1e-05,200,"(0.7, 0.0, 0.3)",0,2,0,3.45,165.6,12.981,[0.22],20,"[2000, 2001, 2002, 2003, 2004, 2005, 2006, 2007, 2008, 2009, 2010, 2011, 2012, 2013, 2014, 2015, 2016, 2017, 2018, 2019]",0.1
305,48,True,False,1e-05,1e-05,200,"(0.7, 0.0, 0.3)",0,4,0,3.15,151.2,11.4095,[0.22],20,"[2000, 2001, 2002, 2003, 2004, 2005, 2006, 2007, 2008, 2009, 2010, 2011, 2012, 2013, 2014, 2015, 2016, 2017, 2018, 2019]",0.1
306,48,True,False,1e-05,1e-05,200,"(0.7, 0.3, 0.0)",0,0,0,3.5,168.0,12.7425,[0.22],20,"[2000, 2001, 2002, 2003, 2004, 2005, 2006, 2007, 2008, 2009, 2010, 2011, 2012, 2013, 2014, 2015, 2016, 2017, 2018, 2019]",0.05
307,48,True,False,1e-05,1e-05,200,"(0.7, 0.3, 0.0)",0,2,0,4.0,192.0,16.369,[0.22],20,"[2000, 2001, 2002, 2003, 2004, 2005, 2006, 2007, 2008, 2009, 2010, 2011, 2012, 2013, 2014, 2015, 2016, 2017, 2018, 2019]",0.05
308,48,True,False,1e-05,1e-05,200,"(0.7, 0.3, 0.0)",0,4,0,3.8,182.4,14.0965,[0.22],20,"[2000, 2001, 2002, 2003, 2004, 2005, 2006, 2007, 2008, 2009, 2010, 2011, 2012, 2013, 2014, 2015, 2016, 2017, 2018, 2019]",0.05
309,48,True,False,1e-05,1e-05,200,"(0.7, 0.3, 0.0)",48,0,0,3.5,168.0,12.948500000000001,[0.22],20,"[2000, 2001, 2002, 2003, 2004, 2005, 2006, 2007, 2008, 2009, 2010, 2011, 2012, 2013, 2014, 2015, 2016, 2017, 2018, 2019]",0.05
310,48,True,False,1e-05,1e-05,200,"(0.7, 0.3, 0.0)",48,2,0,4.0,192.0,16.27,[0.22],20,"[2000, 2001, 2002, 2003, 2004, 2005, 2006, 2007, 2008, 2009, 2010, 2011, 2012, 2013, 2014, 2015, 2016, 2017, 2018, 2019]",0.05
311,48,True,False,1e-05,1e-05,200,"(0.7, 0.3, 0.0)",48,4,0,3.8,182.4,14.040000000000001,[0.22],20,"[2000, 2001, 2002, 2003, 2004, 2005, 2006, 2007, 2008, 2009, 2010, 2011, 2012, 2013, 2014, 2015, 2016, 2017, 2018, 2019]",0.05
312,48,True,False,1e-05,0.0001,0,"(0.5, 0.2, 0.3)",0,0,0,3.0,144.0,10.378,[0.5719],20,"[2000, 2001, 2002, 2003, 2004, 2005, 2006, 2007, 2008, 2009, 2010, 2011, 2012, 2013, 2014, 2015, 2016, 2017, 2018, 2019]",0.0
313,48,True,False,1e-05,0.0001,0,"(0.5, 0.2, 0.3)",0,2,0,3.4,163.2,11.855,[0.5719],20,"[2000, 2001, 2002, 2003, 2004, 2005, 2006, 2007, 2008, 2009, 2010, 2011, 2012, 2013, 2014, 2015, 2016, 2017, 2018, 2019]",0.0
314,48,True,False,1e-05,0.0001,0,"(0.6, 0.1, 0.3)",0,0,0,3.05,146.4,10.6545,[0.5719],20,"[2000, 2001, 2002, 2003, 2004, 2005, 2006, 2007, 2008, 2009, 2010, 2011, 2012, 2013, 2014, 2015, 2016, 2017, 2018, 2019]",0.0
315,48,True,False,1e-05,0.0001,0,"(0.6, 0.1, 0.3)",0,2,0,3.1,148.8,10.7245,[0.5719],20,"[2000, 2001, 2002, 2003, 2004, 2005, 2006, 2007, 2008, 2009, 2010, 2011, 2012, 2013, 2014, 2015, 2016, 2017, 2018, 2019]",0.0
316,48,True,False,1e-05,0.0001,0,"(0.6, 0.1, 0.3)",0,4,0,3.4,163.2,11.7845,[0.5719],20,"[2000, 2001, 2002, 2003, 2004, 2005, 2006, 2007, 2008, 2009, 2010, 2011, 2012, 2013, 2014, 2015, 2016, 2017, 2018, 2019]",0.0
317,48,True,False,1e-05,0.0001,0,"(0.6, 0.1, 0.3)",48,0,0,3.05,146.4,10.754,[0.5719],20,"[2000, 2001, 2002, 2003, 2004, 2005, 2006, 2007, 2008, 2009, 2010, 2011, 2012, 2013, 2014, 2015, 2016, 2017, 2018, 2019]",0.0
318,48,True,False,1e-05,0.0001,0,"(0.6, 0.1, 0.3)",48,2,0,3.1,148.8,10.624500000000001,[0.5719],20,"[2000, 2001, 2002, 2003, 2004, 2005, 2006, 2007, 2008, 2009, 2010, 2011, 2012, 2013, 2014, 2015, 2016, 2017, 2018, 2019]",0.0
319,48,True,False,1e-05,0.0001,0,"(0.6, 0.1, 0.3)",48,4,0,3.4,163.2,11.8595,[0.5719],20,"[2000, 2001, 2002, 2003, 2004, 2005, 2006, 2007, 2008, 2009, 2010, 2011, 2012, 2013, 2014, 2015, 2016, 2017, 2018, 2019]",0.0
320,48,True,False,1e-05,0.0001,0,"(0.7, 0.0, 0.3)",0,0,0,3.0,144.0,10.395,[0.5719],2,"[2000, 2001]",0.0
321,48,True,False,1e-05,0.0001,0,"(0.7, 0.0, 0.3)",0,2,0,3.55,170.4,13.1775,[0.5719],20,"[2000, 2001, 2002, 2003, 2004, 2005, 2006, 2007, 2008, 2009, 2010, 2011, 2012, 2013, 2014, 2015, 2016, 2017, 2018, 2019]",0.0
322,48,True,False,1e-05,0.0001,0,"(0.7, 0.0, 0.3)",0,4,0,3.55,170.4,12.6995,[0.5719],20,"[2000, 2001, 2002, 2003, 2004, 2005, 2006, 2007, 2008, 2009, 2010, 2011, 2012, 2013, 2014, 2015, 2016, 2017, 2018, 2019]",0.0
323,48,True,False,1e-05,0.0001,0,"(0.7, 0.3, 0.0)",0,0,0,4.8,230.4,17.399,[0.5719],20,"[2000, 2001, 2002, 2003, 2004, 2005, 2006, 2007, 2008, 2009, 2010, 2011, 2012, 2013, 2014, 2015, 2016, 2017, 2018, 2019]",0.0
324,48,True,False,1e-05,0.0001,0,"(0.7, 0.3, 0.0)",0,2,0,5.3,254.4,19.8595,[0.5719],20,"[2000, 2001, 2002, 2003, 2004, 2005, 2006, 2007, 2008, 2009, 2010, 2011, 2012, 2013, 2014, 2015, 2016, 2017, 2018, 2019]",0.0
325,48,True,False,1e-05,0.0001,0,"(0.7, 0.3, 0.0)",0,4,0,5.15,247.2,18.8665,[0.5719],20,"[2000, 2001, 2002, 2003, 2004, 2005, 2006, 2007, 2008, 2009, 2010, 2011, 2012, 2013, 2014, 2015, 2016, 2017, 2018, 2019]",0.0
326,48,True,False,1e-05,0.0001,0,"(0.7, 0.3, 0.0)",48,0,0,4.8,230.4,17.4065,[0.5719],20,"[2000, 2001, 2002, 2003, 2004, 2005, 2006, 2007, 2008, 2009, 2010, 2011, 2012, 2013, 2014, 2015, 2016, 2017, 2018, 2019]",0.0
327,48,True,False,1e-05,0.0001,0,"(0.7, 0.3, 0.0)",48,2,0,5.3,254.4,19.9035,[0.5719],20,"[2000, 2001, 2002, 2003, 2004, 2005, 2006, 2007, 2008, 2009, 2010, 2011, 2012, 2013, 2014, 2015, 2016, 2017, 2018, 2019]",0.0
328,48,True,False,1e-05,0.0001,0,"(0.7, 0.3, 0.0)",48,4,0,5.15,247.2,18.872,[0.5719],20,"[2000, 2001, 2002, 2003, 2004, 2005, 2006, 2007, 2008, 2009, 2010, 2011, 2012, 2013, 2014, 2015, 2016, 2017, 2018, 2019]",0.0
329,48,True,False,1e-05,0.0001,100,"(0.5, 0.2, 0.3)",0,0,0,3.25,156.0,11.294,[0.5904],20,"[2000, 2001, 2002, 2003, 2004, 2005, 2006, 2007, 2008, 2009, 2010, 2011, 2012, 2013, 2014, 2015, 2016, 2017, 2018, 2019]",0.0
330,48,True,False,1e-05,0.0001,100,"(0.5, 0.2, 0.3)",0,2,0,3.8,182.4,13.525,[0.5904],20,"[2000, 2001, 2002, 2003, 2004, 2005, 2006, 2007, 2008, 2009, 2010, 2011, 2012, 2013, 2014, 2015, 2016, 2017, 2018, 2019]",0.0
331,48,True,False,1e-05,0.0001,100,"(0.6, 0.1, 0.3)",0,0,0,3.05,146.4,10.779,[0.5904],20,"[2000, 2001, 2002, 2003, 2004, 2005, 2006, 2007, 2008, 2009, 2010, 2011, 2012, 2013, 2014, 2015, 2016, 2017, 2018, 2019]",0.0
332,48,True,False,1e-05,0.0001,100,"(0.6, 0.1, 0.3)",0,2,0,3.25,156.0,11.4795,[0.5904],20,"[2000, 2001, 2002, 2003, 2004, 2005, 2006, 2007, 2008, 2009, 2010, 2011, 2012, 2013, 2014, 2015, 2016, 2017, 2018, 2019]",0.0
333,48,True,False,1e-05,0.0001,100,"(0.6, 0.1, 0.3)",0,4,0,3.2,153.6,11.137,[0.5904],20,"[2000, 2001, 2002, 2003, 2004, 2005, 2006, 2007, 2008, 2009, 2010, 2011, 2012, 2013, 2014, 2015, 2016, 2017, 2018, 2019]",0.0
334,48,True,False,1e-05,0.0001,100,"(0.6, 0.1, 0.3)",48,0,0,3.05,146.4,10.783,[0.5904],20,"[2000, 2001, 2002, 2003, 2004, 2005, 2006, 2007, 2008, 2009, 2010, 2011, 2012, 2013, 2014, 2015, 2016, 2017, 2018, 2019]",0.0
335,48,True,False,1e-05,0.0001,100,"(0.6, 0.1, 0.3)",48,2,0,3.25,156.0,11.251000000000001,[0.5904],20,"[2000, 2001, 2002, 2003, 2004, 2005, 2006, 2007, 2008, 2009, 2010, 2011, 2012, 2013, 2014, 2015, 2016, 2017, 2018, 2019]",0.0
336,48,True,False,1e-05,0.0001,100,"(0.6, 0.1, 0.3)",48,4,0,3.2,153.6,11.047,[0.5904],20,"[2000, 2001, 2002, 2003, 2004, 2005, 2006, 2007, 2008, 2009, 2010, 2011, 2012, 2013, 2014, 2015, 2016, 2017, 2018, 2019]",0.0
337,48,True,False,1e-05,0.0001,100,"(0.7, 0.0, 0.3)",0,2,0,3.2,153.6,11.516499999999999,[0.5904],20,"[2000, 2001, 2002, 2003, 2004, 2005, 2006, 2007, 2008, 2009, 2010, 2011, 2012, 2013, 2014, 2015, 2016, 2017, 2018, 2019]",0.0
338,48,True,False,1e-05,0.0001,100,"(0.7, 0.0, 0.3)",0,4,0,3.15,151.2,10.889,[0.5904],20,"[2000, 2001, 2002, 2003, 2004, 2005, 2006, 2007, 2008, 2009, 2010, 2011, 2012, 2013, 2014, 2015, 2016, 2017, 2018, 2019]",0.0
339,48,True,False,1e-05,0.0001,100,"(0.7, 0.3, 0.0)",0,0,0,4.3,206.4,15.334,[0.5904],20,"[2000, 2001, 2002, 2003, 2004, 2005, 2006, 2007, 2008, 2009, 2010, 2011, 2012, 2013, 2014, 2015, 2016, 2017, 2018, 2019]",0.0
340,48,True,False,1e-05,0.0001,100,"(0.7, 0.3, 0.0)",0,2,0,4.15,199.2,14.7805,[0.5904],20,"[2000, 2001, 2002, 2003, 2004, 2005, 2006, 2007, 2008, 2009, 2010, 2011, 2012, 2013, 2014, 2015, 2016, 2017, 2018, 2019]",0.0
341,48,True,False,1e-05,0.0001,100,"(0.7, 0.3, 0.0)",0,4,0,4.75,228.0,17.2615,[0.5904],20,"[2000, 2001, 2002, 2003, 2004, 2005, 2006, 2007, 2008, 2009, 2010, 2011, 2012, 2013, 2014, 2015, 2016, 2017, 2018, 2019]",0.0
342,48,True,False,1e-05,0.0001,100,"(0.7, 0.3, 0.0)",48,0,0,4.3,206.4,15.372,[0.5904],20,"[2000, 2001, 2002, 2003, 2004, 2005, 2006, 2007, 2008, 2009, 2010, 2011, 2012, 2013, 2014, 2015, 2016, 2017, 2018, 2019]",0.0
343,48,True,False,1e-05,0.0001,100,"(0.7, 0.3, 0.0)",48,2,0,4.15,199.2,14.690999999999999,[0.5904],20,"[2000, 2001, 2002, 2003, 2004, 2005, 2006, 2007, 2008, 2009, 2010, 2011, 2012, 2013, 2014, 2015, 2016, 2017, 2018, 2019]",0.0
344,48,True,False,1e-05,0.0001,100,"(0.7, 0.3, 0.0)",48,4,0,4.75,228.0,17.575,[0.5904],20,"[2000, 2001, 2002, 2003, 2004, 2005, 2006, 2007, 2008, 2009, 2010, 2011, 2012, 2013, 2014, 2015, 2016, 2017, 2018, 2019]",0.0
345,48,True,False,1e-05,0.0001,200,"(0.5, 0.2, 0.3)",0,0,0,3.7,177.6,13.038499999999999,[0.5858],20,"[2000, 2001, 2002, 2003, 2004, 2005, 2006, 2007, 2008, 2009, 2010, 2011, 2012, 2013, 2014, 2015, 2016, 2017, 2018, 2019]",0.0
346,48,True,False,1e-05,0.0001,200,"(0.5, 0.2, 0.3)",0,2,0,3.1666666666666665,152.0,10.959166666666667,[0.5858],12,"[2000, 2001, 2002, 2003, 2004, 2005, 2006, 2007, 2008, 2009, 2010, 2011]",0.0
347,48,True,False,1e-05,0.0001,200,"(0.6, 0.1, 0.3)",0,0,0,3.45,165.6,12.1655,[0.5858],20,"[2000, 2001, 2002, 2003, 2004, 2005, 2006, 2007, 2008, 2009, 2010, 2011, 2012, 2013, 2014, 2015, 2016, 2017, 2018, 2019]",0.0
348,48,True,False,1e-05,0.0001,200,"(0.6, 0.1, 0.3)",0,2,0,3.25,156.0,11.492999999999999,[0.5858],20,"[2000, 2001, 2002, 2003, 2004, 2005, 2006, 2007, 2008, 2009, 2010, 2011, 2012, 2013, 2014, 2015, 2016, 2017, 2018, 2019]",0.0
349,48,True,False,1e-05,0.0001,200,"(0.6, 0.1, 0.3)",0,4,0,3.15,151.2,11.1195,[0.5858],20,"[2000, 2001, 2002, 2003, 2004, 2005, 2006, 2007, 2008, 2009, 2010, 2011, 2012, 2013, 2014, 2015, 2016, 2017, 2018, 2019]",0.0
350,48,True,False,1e-05,0.0001,200,"(0.6, 0.1, 0.3)",48,0,0,3.45,165.6,12.2805,[0.5858],20,"[2000, 2001, 2002, 2003, 2004, 2005, 2006, 2007, 2008, 2009, 2010, 2011, 2012, 2013, 2014, 2015, 2016, 2017, 2018, 2019]",0.0
351,48,True,False,1e-05,0.0001,200,"(0.6, 0.1, 0.3)",48,2,0,3.25,156.0,11.204,[0.5858],20,"[2000, 2001, 2002, 2003, 2004, 2005, 2006, 2007, 2008, 2009, 2010, 2011, 2012, 2013, 2014, 2015, 2016, 2017, 2018, 2019]",0.0
352,48,True,False,1e-05,0.0001,200,"(0.6, 0.1, 0.3)",48,4,0,3.15,151.2,11.197500000000002,[0.5858],20,"[2000, 2001, 2002, 2003, 2004, 2005, 2006, 2007, 2008, 2009, 2010, 2011, 2012, 2013, 2014, 2015, 2016, 2017, 2018, 2019]",0.0
353,48,True,False,1e-05,0.0001,200,"(0.7, 0.0, 0.3)",0,2,0,3.4,163.2,12.2455,[0.5858],20,"[2000, 2001, 2002, 2003, 2004, 2005, 2006, 2007, 2008, 2009, 2010, 2011, 2012, 2013, 2014, 2015, 2016, 2017, 2018, 2019]",0.0
354,48,True,False,1e-05,0.0001,200,"(0.7, 0.0, 0.3)",0,4,0,3.15,151.2,11.092,[0.5858],20,"[2000, 2001, 2002, 2003, 2004, 2005, 2006, 2007, 2008, 2009, 2010, 2011, 2012, 2013, 2014, 2015, 2016, 2017, 2018, 2019]",0.0
355,48,True,False,1e-05,0.0001,200,"(0.7, 0.3, 0.0)",0,0,0,4.2,201.6,15.081,[0.5858],20,"[2000, 2001, 2002, 2003, 2004, 2005, 2006, 2007, 2008, 2009, 2010, 2011, 2012, 2013, 2014, 2015, 2016, 2017, 2018, 2019]",0.0
356,48,True,False,1e-05,0.0001,200,"(0.7, 0.3, 0.0)",0,2,0,4.5,216.0,16.2085,[0.5858],20,"[2000, 2001, 2002, 2003, 2004, 2005, 2006, 2007, 2008, 2009, 2010, 2011, 2012, 2013, 2014, 2015, 2016, 2017, 2018, 2019]",0.0
357,48,True,False,1e-05,0.0001,200,"(0.7, 0.3, 0.0)",0,4,0,4.3,206.4,15.416999999999998,[0.5858],20,"[2000, 2001, 2002, 2003, 2004, 2005, 2006, 2007, 2008, 2009, 2010, 2011, 2012, 2013, 2014, 2015, 2016, 2017, 2018, 2019]",0.0
358,48,True,False,1e-05,0.0001,200,"(0.7, 0.3, 0.0)",48,0,0,4.2,201.6,15.041999999999998,[0.5858],20,"[2000, 2001, 2002, 2003, 2004, 2005, 2006, 2007, 2008, 2009, 2010, 2011, 2012, 2013, 2014, 2015, 2016, 2017, 2018, 2019]",0.0
359,48,True,False,1e-05,0.0001,200,"(0.7, 0.3, 0.0)",48,2,0,4.5,216.0,16.240000000000002,[0.5858],20,"[2000, 2001, 2002, 2003, 2004, 2005, 2006, 2007, 2008, 2009, 2010, 2011, 2012, 2013, 2014, 2015, 2016, 2017, 2018, 2019]",0.0
360,48,True,False,1e-05,0.0001,200,"(0.7, 0.3, 0.0)",48,4,0,4.3,206.4,15.631499999999999,[0.5858],20,"[2000, 2001, 2002, 2003, 2004, 2005, 2006, 2007, 2008, 2009, 2010, 2011, 2012, 2013, 2014, 2015, 2016, 2017, 2018, 2019]",0.0
361,64,False,False,1e-06,1e-06,0,"(0.4, 0.3, 0.3)",64,4,0,2.55,163.2,9.3235,"[-10.9241, -10.8547, -10.8065]",20,"[2000, 2001, 2002, 2003, 2004, 2005, 2006, 2007, 2008, 2009, 2010, 2011, 2012, 2013, 2014, 2015, 2016, 2017, 2018, 2019]",
362,64,False,False,1e-06,1e-05,0,"(0.4, 0.3, 0.3)",64,4,0,1.95,124.8,6.9864999999999995,"[-8.103, -8.1111]",20,"[2000, 2001, 2002, 2003, 2004, 2005, 2006, 2007, 2008, 2009, 2010, 2011, 2012, 2013, 2014, 2015, 2016, 2017, 2018, 2019]",
363,64,False,False,1e-06,0.0001,0,"(0.4, 0.3, 0.3)",64,4,0,1.7,108.8,6.0795,[0.7073],20,"[2000, 2001, 2002, 2003, 2004, 2005, 2006, 2007, 2008, 2009, 2010, 2011, 2012, 2013, 2014, 2015, 2016, 2017, 2018, 2019, 2000, 2001, 2002, 2003, 2004, 2005, 2006, 2007, 2008, 2009, 2010, 2011, 2012, 2013, 2014, 2015, 2016, 2017, 2018, 2019]",
364,64,False,False,1e-06,0.001,0,"(0.4, 0.3, 0.3)",64,4,0,2.0,128.0,7.3185,"[0.7496, 0.7937]",20,"[2000, 2001, 2002, 2003, 2004, 2005, 2006, 2007, 2008, 2009, 2010, 2011, 2012, 2013, 2014, 2015, 2016, 2017, 2018, 2019]",
365,64,False,False,1e-06,0.01,0,"(0.4, 0.3, 0.3)",64,4,0,2.45,156.8,9.3455,"[0.8061, 0.794]",20,"[2000, 2001, 2002, 2003, 2004, 2005, 2006, 2007, 2008, 2009, 2010, 2011, 2012, 2013, 2014, 2015, 2016, 2017, 2018, 2019]",
366,64,False,False,1e-05,1e-06,0,"(0.4, 0.3, 0.3)",64,4,0,1.6,102.4,5.899500000000001,"[-7.0339, -7.3333]",20,"[2000, 2001, 2002, 2003, 2004, 2005, 2006, 2007, 2008, 2009, 2010, 2011, 2012, 2013, 2014, 2015, 2016, 2017, 2018, 2019]",
367,64,False,False,1e-05,1e-05,0,"(0.4, 0.3, 0.3)",64,4,0,1.4333333333333333,91.73333333333333,5.152333333333333,[0.4897],20,"[2010, 2011, 2012, 2013, 2014, 2015, 2016, 2017, 2018, 2019, 2000, 2001, 2002, 2003, 2004, 2005, 2006, 2007, 2008, 2009, 2010, 2011, 2012, 2013, 2014, 2015, 2016, 2017, 2018, 2019]",0.4
368,64,False,False,1e-05,1e-05,100,"(0.4, 0.3, 0.3)",64,4,0,1.25,80.0,4.3965000000000005,[0.6717],20,"[2000, 2001, 2002, 2003, 2004, 2005, 2006, 2007, 2008, 2009, 2010, 2011, 2012, 2013, 2014, 2015, 2016, 2017, 2018, 2019]",0.3
369,64,False,False,1e-05,1e-05,200,"(0.4, 0.3, 0.3)",64,4,0,1.3,83.2,4.5655,[0.6877],20,"[2000, 2001, 2002, 2003, 2004, 2005, 2006, 2007, 2008, 2009, 2010, 2011, 2012, 2013, 2014, 2015, 2016, 2017, 2018, 2019]",0.35
370,64,False,False,1e-05,1e-05,300,"(0.4, 0.3, 0.3)",64,4,0,1.35,86.4,4.747,[0.6945],20,"[2000, 2001, 2002, 2003, 2004, 2005, 2006, 2007, 2008, 2009, 2010, 2011, 2012, 2013, 2014, 2015, 2016, 2017, 2018, 2019]",0.35
371,64,False,False,1e-05,1e-05,400,"(0.4, 0.3, 0.3)",64,4,0,1.25,80.0,4.4335,[0.697],20,"[2000, 2001, 2002, 2003, 2004, 2005, 2006, 2007, 2008, 2009, 2010, 2011, 2012, 2013, 2014, 2015, 2016, 2017, 2018, 2019]",0.25
372,64,False,False,1e-05,1e-05,500,"(0.4, 0.3, 0.3)",64,4,0,1.3,83.2,4.6475,[0.7001],20,"[2000, 2001, 2002, 2003, 2004, 2005, 2006, 2007, 2008, 2009, 2010, 2011, 2012, 2013, 2014, 2015, 2016, 2017, 2018, 2019]",0.3
373,64,False,False,1e-05,0.0001,0,"(0.4, 0.3, 0.3)",64,4,0,1.4,89.6,5.0668,[0.6977],20,"[2000, 2001, 2002, 2003, 2004, 2005, 2006, 2007, 2008, 2009, 2010, 2011, 2012, 2013, 2014, 2015, 2016, 2017, 2018, 2019, 2010, 2011, 2012, 2013, 2014, 2015, 2016, 2017, 2018, 2019, 2000, 2001, 2002, 2003, 2004, 2005, 2006, 2007, 2008, 2009, 2010, 2011, 2012, 2013, 2014, 2015, 2016, 2017, 2018, 2019]",0.3
374,64,False,False,1e-05,0.0001,100,"(0.4, 0.3, 0.3)",64,4,0,1.35,86.4,4.804,[0.6966],20,"[2000, 2001, 2002, 2003, 2004, 2005, 2006, 2007, 2008, 2009, 2010, 2011, 2012, 2013, 2014, 2015, 2016, 2017, 2018, 2019]",0.25
375,64,False,False,1e-05,0.0001,200,"(0.4, 0.3, 0.3)",64,4,0,1.3,83.2,4.555,[0.7004],20,"[2000, 2001, 2002, 2003, 2004, 2005, 2006, 2007, 2008, 2009, 2010, 2011, 2012, 2013, 2014, 2015, 2016, 2017, 2018, 2019]",0.15
376,64,False,False,1e-05,0.0001,300,"(0.4, 0.3, 0.3)",64,4,0,1.25,80.0,4.3375,[0.6978],20,"[2000, 2001, 2002, 2003, 2004, 2005, 2006, 2007, 2008, 2009, 2010, 2011, 2012, 2013, 2014, 2015, 2016, 2017, 2018, 2019]",0.2
377,64,False,False,1e-05,0.0001,400,"(0.4, 0.3, 0.3)",64,4,0,1.3,83.2,4.848,[0.6965],20,"[2000, 2001, 2002, 2003, 2004, 2005, 2006, 2007, 2008, 2009, 2010, 2011, 2012, 2013, 2014, 2015, 2016, 2017, 2018, 2019]",0.2
378,64,False,False,1e-05,0.0001,500,"(0.4, 0.3, 0.3)",64,4,0,1.25,80.0,4.42,[0.6931],20,"[2000, 2001, 2002, 2003, 2004, 2005, 2006, 2007, 2008, 2009, 2010, 2011, 2012, 2013, 2014, 2015, 2016, 2017, 2018, 2019]",0.25
379,64,False,False,1e-05,0.001,0,"(0.4, 0.3, 0.3)",64,4,0,1.9,121.6,7.096500000000001,"[0.7552, 0.7861]",20,"[2000, 2001, 2002, 2003, 2004, 2005, 2006, 2007, 2008, 2009, 2010, 2011, 2012, 2013, 2014, 2015, 2016, 2017, 2018, 2019]",
380,64,False,False,1e-05,0.01,0,"(0.4, 0.3, 0.3)",64,4,0,2.65,169.6,10.1965,"[0.7916, 0.8094]",20,"[2000, 2001, 2002, 2003, 2004, 2005, 2006, 2007, 2008, 2009, 2010, 2011, 2012, 2013, 2014, 2015, 2016, 2017, 2018, 2019]",
381,64,False,False,0.0001,1e-06,0,"(0.4, 0.3, 0.3)",64,4,0,1.75,112.0,6.4415000000000004,"[-0.0166, -0.6613]",20,"[2000, 2001, 2002, 2003, 2004, 2005, 2006, 2007, 2008, 2009, 2010, 2011, 2012, 2013, 2014, 2015, 2016, 2017, 2018, 2019]",
382,64,False,False,0.0001,1e-05,0,"(0.4, 0.3, 0.3)",64,4,0,1.5,96.0,5.2965,[0.621],20,"[2000, 2001, 2002, 2003, 2004, 2005, 2006, 2007, 2008, 2009, 2010, 2011, 2012, 2013, 2014, 2015, 2016, 2017, 2018, 2019]",
383,64,False,False,0.0001,1e-05,100,"(0.4, 0.3, 0.3)",64,4,0,1.4,89.6,4.979,[0.6047],20,"[2010, 2011, 2012, 2013, 2014, 2015, 2016, 2017, 2018, 2019, 2010, 2011, 2012, 2013, 2014, 2015, 2016, 2017, 2018, 2019, 2000, 2001, 2002, 2003, 2004, 2005, 2006, 2007, 2008, 2009]",0.16666666666666666
384,64,False,False,0.0001,1e-05,200,"(0.4, 0.3, 0.3)",64,4,0,1.4666666666666666,93.86666666666666,5.210666666666667,[0.6092],20,"[2010, 2011, 2012, 2013, 2014, 2015, 2016, 2017, 2018, 2019, 2010, 2011, 2012, 2013, 2014, 2015, 2016, 2017, 2018, 2019, 2000, 2001, 2002, 2003, 2004, 2005, 2006, 2007, 2008, 2009]",0.26666666666666666
385,64,False,False,0.0001,1e-05,300,"(0.4, 0.3, 0.3)",64,4,0,1.45,92.8,5.122,[0.6194],20,"[2010, 2011, 2012, 2013, 2014, 2015, 2016, 2017, 2018, 2019, 2000, 2001, 2002, 2003, 2004, 2005, 2006, 2007, 2008, 2009]",0.2
386,64,False,False,0.0001,1e-05,400,"(0.4, 0.3, 0.3)",64,4,0,1.5,96.0,5.3740000000000006,[0.6248],20,"[2000, 2001, 2002, 2003, 2004, 2005, 2006, 2007, 2008, 2009, 2010, 2011, 2012, 2013, 2014, 2015, 2016, 2017, 2018, 2019]",0.3
387,64,False,False,0.0001,1e-05,500,"(0.4, 0.3, 0.3)",64,4,0,1.6,102.4,5.8255,[0.6256],20,"[2000, 2001, 2002, 2003, 2004, 2005, 2006, 2007, 2008, 2009, 2010, 2011, 2012, 2013, 2014, 2015, 2016, 2017, 2018, 2019]",0.25
388,64,False,False,0.0001,0.0001,0,"(0.4, 0.3, 0.3)",64,4,0,1.36,87.04,4.8266,[0.7052],20,"[2000, 2001, 2002, 2003, 2004, 2005, 2006, 2007, 2008, 2009, 2010, 2011, 2012, 2013, 2014, 2015, 2016, 2017, 2018, 2019, 2010, 2011, 2012, 2013, 2014, 2015, 2016, 2017, 2018, 2019, 2000, 2001, 2002, 2003, 2004, 2005, 2006, 2007, 2008, 2009, 2010, 2011, 2012, 2013, 2014, 2015, 2016, 2017, 2018, 2019]",0.1
389,64,False,False,0.0001,0.0001,100,"(0.4, 0.3, 0.3)",64,4,0,1.4,89.6,4.9485,[0.7117],20,"[2000, 2001, 2002, 2003, 2004, 2005, 2006, 2007, 2008, 2009, 2010, 2011, 2012, 2013, 2014, 2015, 2016, 2017, 2018, 2019]",0.25
390,64,False,False,0.0001,0.0001,200,"(0.4, 0.3, 0.3)",64,4,0,1.55,99.2,5.9,[0.7106],20,"[2000, 2001, 2002, 2003, 2004, 2005, 2006, 2007, 2008, 2009, 2010, 2011, 2012, 2013, 2014, 2015, 2016, 2017, 2018, 2019]",0.3
391,64,False,False,0.0001,0.0001,300,"(0.4, 0.3, 0.3)",64,4,0,1.4,89.6,5.0795,[0.71],20,"[2000, 2001, 2002, 2003, 2004, 2005, 2006, 2007, 2008, 2009, 2010, 2011, 2012, 2013, 2014, 2015, 2016, 2017, 2018, 2019]",0.25
392,64,False,False,0.0001,0.0001,400,"(0.4, 0.3, 0.3)",64,4,0,1.45,92.8,5.442500000000001,[0.7098],20,"[2000, 2001, 2002, 2003, 2004, 2005, 2006, 2007, 2008, 2009, 2010, 2011, 2012, 2013, 2014, 2015, 2016, 2017, 2018, 2019]",0.25
393,64,False,False,0.0001,0.0001,500,"(0.4, 0.3, 0.3)",64,4,0,1.55,99.2,5.723000000000001,[0.7091],20,"[2000, 2001, 2002, 2003, 2004, 2005, 2006, 2007, 2008, 2009, 2010, 2011, 2012, 2013, 2014, 2015, 2016, 2017, 2018, 2019]",0.3
394,64,False,False,0.0001,0.001,0,"(0.4, 0.3, 0.3)",64,4,0,1.6,102.4,5.6530000000000005,[0.7838],20,"[2000, 2001, 2002, 2003, 2004, 2005, 2006, 2007, 2008, 2009, 2010, 2011, 2012, 2013, 2014, 2015, 2016, 2017, 2018, 2019]",
395,64,False,False,0.0001,0.01,0,"(0.4, 0.3, 0.3)",64,4,0,2.05,131.2,7.4625,[0.8153],20,"[2000, 2001, 2002, 2003, 2004, 2005, 2006, 2007, 2008, 2009, 2010, 2011, 2012, 2013, 2014, 2015, 2016, 2017, 2018, 2019]",
